price,cost,sales,profit,inventory,delivery_days,category,material,color,location,season,store_type,revenue,
459,196,2,263,3,30,Bed,Wood,Blue,Urban,Fall,Online,526,
607,293,4,314,2,58,Bed,Wood,Black,Rural,Fall,Online,1256,
575,442,4,133,2,58,Bed,Wood,Red,Rural,Spring,Retail,532,
769,231,6,538,2,82,Bed,Wood,Green,Suburban,Summer,Retail,3228,
505,267,7,238,2,75,Bed,Leather,Green,Suburban,Summer,Online,1666,
432,186,7,246,2,77,Bed,Fabric,Blue,Suburban,Winter,Online,1722,
580,267,7,313,2,40,Bed,Wood,Black,Urban,Spring,Online,2191,
598,236,8,362,1,57,Bed,Wood,Red,Rural,Summer,Retail,2896,
1437,227,8,1210,1,37,Bed,Fabric,Blue,Urban,Winter,Retail,9680,
612,490,9,122,1,76,Bed,Fabric,Red,Rural,Fall,Online,1098,
672,310,9,362,1,36,Bed,Wood,Red,Urban,Summer,Retail,3258,
807,318,10,489,1,42,Bed,Wood,Blue,Rural,Fall,Online,4890,
796,359,12,437,1,22,Bed,Wood,Red,Urban,Fall,Online,5244,
554,490,13,64,1,84,Bed,Leather,Black,Suburban,Fall,Retail,832,
456,272,13,184,1,52,Bed,Fabric,Black,Urban,Summer,Retail,2392,
1178,1021,15,157,1,85,Bed,Leather,Green,Suburban,Summer,Retail,2355,
1401,179,17,1222,2,55,Bed,Wood,White,Suburban,Summer,Retail,20774,
712,211,18,501,2,17,Bed,Wood,White,Rural,Spring,Online,9018,
940,163,18,777,2,34,Bed,Wood,Blue,Rural,Winter,Online,13986,
535,441,19,94,2,81,Bed,Fabric,White,Rural,Fall,Retail,1786,
888,371,20,517,4,32,Bed,Wood,Brown,Suburban,Winter,Online,10340,
953,469,23,484,4,7,Bed,Wood,Brown,Suburban,Spring,Online,11132,
578,209,23,369,4,62,Bed,Wood,Black,Urban,Winter,Retail,8487,
344,152,25,192,3,21,Bed,Leather,Green,Urban,Winter,Online,4800,
787,387,25,400,4,82,Bed,Wood,Brown,Suburban,Spring,Online,10000,
661,314,26,347,2,75,Bed,Wood,Black,Urban,Fall,Retail,9022,
785,343,27,442,2,36,Bed,Wood,Blue,Suburban,Summer,Online,11934,
638,423,28,215,2,61,Bed,Leather,Red,Suburban,Winter,Online,6020,
705,346,29,359,1,67,Bed,Wood,Black,Rural,Fall,Online,10411,
661,280,30,381,3,30,Bed,Fabric,Red,Urban,Winter,Online,11430,
1501,429,30,1072,1,58,Bed,Wood,Brown,Suburban,Spring,Retail,32160,
336,201,33,135,2,49,Bed,Leather,White,Rural,Summer,Online,4455,
927,362,33,565,3,42,Bed,Fabric,White,Suburban,Spring,Online,18645,
874,175,46,699,1,14,Bed,Wood,Red,Urban,Summer,Online,32154,
698,377,0,321,2,90,Bed,Wood,Green,Rural,Fall,Retail,0,
1364,1102,2,262,3,68,Bed,Wood,Red,Urban,Winter,Retail,524,
569,417,2,152,1,56,Bed,Fabric,Red,Suburban,Winter,Retail,304,
595,252,2,343,2,47,Bed,Fabric,Black,Suburban,Fall,Retail,686,
648,243,4,405,3,68,Bed,Leather,Red,Rural,Summer,Online,1620,
1351,1114,4,237,1,75,Bed,Leather,White,Rural,Spring,Retail,948,
510,268,5,242,2,56,Bed,Leather,Black,Suburban,Summer,Retail,1210,
1134,290,7,844,3,57,Bed,Wood,Green,Urban,Spring,Online,5908,
293,249,7,44,1,43,Bed,Wood,Black,Suburban,Winter,Retail,308,
650,283,7,367,2,79,Bed,Wood,Red,Urban,Winter,Retail,2569,
501,354,8,147,3,32,Bed,Leather,White,Rural,Summer,Retail,1176,
1316,1031,10,285,2,43,Bed,Wood,Blue,Urban,Winter,Online,2850,
502,470,12,32,1,43,Bed,Fabric,Blue,Suburban,Spring,Online,384,
595,183,12,412,3,47,Bed,Wood,Green,Suburban,Spring,Online,4944,
815,486,13,329,2,21,Bed,Leather,Red,Rural,Fall,Online,4277,
480,210,13,270,1,55,Bed,Wood,Red,Urban,Summer,Retail,3510,
687,173,13,514,3,74,Bed,Wood,Brown,Rural,Summer,Retail,6682,
591,363,14,228,2,29,Bed,Leather,Red,Rural,Fall,Online,3192,
708,251,14,457,1,73,Bed,Fabric,Black,Urban,Fall,Online,6398,
1183,420,14,763,3,34,Bed,Wood,Black,Rural,Summer,Online,10682,
836,367,15,469,2,81,Bed,Wood,White,Urban,Spring,Online,7035,
721,188,15,533,1,57,Bed,Wood,Brown,Urban,Fall,Online,7995,
447,275,16,172,3,64,Bed,Wood,White,Urban,Fall,Retail,2752,
1107,391,17,716,2,83,Bed,Wood,Black,Suburban,Summer,Retail,12172,
357,288,18,69,1,18,Bed,Fabric,Green,Suburban,Fall,Online,1242,
530,203,18,327,3,8,Bed,Wood,Black,Suburban,Winter,Online,5886,
979,175,18,804,2,11,Bed,Fabric,White,Rural,Summer,Online,14472,
569,294,18,275,1,80,Bed,Wood,Black,Urban,Spring,Retail,4950,
158,207,21,-49,2,45,Bed,Leather,Blue,Suburban,Summer,Retail,-1029,
601,270,21,331,3,59,Bed,Wood,Blue,Rural,Winter,Retail,6951,
694,207,21,487,2,55,Bed,Wood,Red,Rural,Summer,Retail,10227,
645,286,22,359,1,53,Bed,Wood,Red,Rural,Winter,Retail,7898,
1779,1157,23,622,3,14,Bed,Leather,White,Rural,Winter,Online,14306,
409,187,23,222,2,79,Bed,Leather,Red,Urban,Fall,Retail,5106,
888,370,24,518,1,52,Bed,Wood,Black,Rural,Fall,Retail,12432,
679,287,25,392,3,78,Bed,Wood,Brown,Urban,Summer,Online,9800,
267,218,25,49,2,50,Bed,Fabric,Red,Rural,Winter,Retail,1225,
798,336,25,462,1,36,Bed,Wood,Brown,Urban,Spring,Retail,11550,
851,496,27,355,3,63,Bed,Leather,White,Rural,Spring,Online,9585,
314,219,28,95,2,58,Bed,Wood,Red,Suburban,Winter,Online,2660,
857,154,28,703,1,38,Bed,Fabric,Black,Rural,Spring,Retail,19684,
502,196,30,306,3,46,Bed,Fabric,Green,Suburban,Fall,Online,9180,
2077,368,30,1709,2,77,Bed,Wood,Brown,Rural,Spring,Online,51270,
395,226,31,169,1,73,Bed,Leather,Black,Suburban,Summer,Online,5239,
938,383,31,555,3,31,Bed,Wood,Red,Urban,Summer,Online,17205,
339,255,32,84,2,57,Bed,Leather,White,Suburban,Winter,Online,2688,
379,248,33,131,1,54,Bed,Leather,Black,Rural,Fall,Online,4323,
571,187,33,384,3,44,Bed,Leather,Green,Urban,Winter,Retail,12672,
836,223,35,613,1,50,Bed,Wood,Black,Urban,Fall,Retail,21455,
693,151,38,542,2,36,Bed,Wood,Blue,Rural,Summer,Online,20596,
617,394,40,223,3,90,Bed,Leather,White,Suburban,Spring,Retail,8920,
1700,1232,0,468,1,26,Bed,Wood,Blue,Rural,Fall,Online,0,
781,484,0,297,2,77,Bed,Leather,Red,Rural,Summer,Retail,0,
921,378,0,543,3,27,Bed,Fabric,Green,Suburban,Summer,Retail,0,
452,441,1,11,1,52,Bed,Fabric,Black,Rural,Fall,Online,11,
393,294,1,99,3,80,Bed,Fabric,Red,Urban,Summer,Online,99,
269,237,2,32,2,33,Bed,Leather,Red,Rural,Fall,Online,64,
1914,1370,2,544,1,52,Bed,Leather,Black,Suburban,Spring,Retail,1088,
1199,388,2,811,3,88,Bed,Fabric,Brown,Suburban,Spring,Retail,1622,
724,195,3,529,2,59,Bed,Wood,Green,Suburban,Winter,Online,1587,
462,262,3,200,1,43,Bed,Fabric,Blue,Urban,Fall,Retail,600,
496,192,5,304,2,48,Bed,Wood,Black,Suburban,Spring,Online,1520,
710,319,5,391,3,74,Bed,Wood,Red,Rural,Fall,Online,1955,
798,153,5,645,1,43,Bed,Wood,Red,Urban,Spring,Retail,3225,
1017,388,6,629,2,77,Bed,Wood,White,Urban,Fall,Online,3774,
736,483,6,253,3,85,Bed,Fabric,Black,Urban,Fall,Retail,1518,
570,279,6,291,1,86,Bed,Wood,Green,Urban,Spring,Retail,1746,
333,293,7,40,2,38,Bed,Leather,Brown,Rural,Spring,Online,280,
2076,740,8,1336,3,68,Bed,Wood,Green,Urban,Fall,Online,10688,
1150,412,8,738,1,74,Bed,Wood,White,Urban,Winter,Retail,5904,
558,269,9,289,2,70,Bed,Wood,Blue,Rural,Winter,Retail,2601,
700,266,10,434,3,76,Bed,Wood,Green,Urban,Spring,Online,4340,
516,289,11,227,2,29,Bed,Fabric,White,Urban,Summer,Online,2497,
830,451,12,379,3,33,Bed,Wood,Black,Suburban,Fall,Online,4548,
1393,383,12,1010,2,37,Bed,Wood,Blue,Rural,Winter,Online,12120,
875,329,12,546,3,65,Bed,Wood,Brown,Suburban,Spring,Retail,6552,
566,441,14,125,2,24,Bed,Wood,Blue,Rural,Winter,Online,1750,
1184,1240,15,-56,3,39,Bed,Leather,Blue,Urban,Summer,Online,-840,
790,440,15,350,0,71,Bed,Wood,Green,Suburban,Spring,Online,5250,
1207,261,15,946,2,40,Bed,Wood,Blue,Rural,Spring,Online,14190,
775,346,15,429,1,31,Bed,Wood,Black,Urban,Winter,Retail,6435,
1041,209,15,832,0,50,Bed,Fabric,Blue,Urban,Fall,Retail,12480,
499,248,17,251,2,6,Bed,Leather,Brown,Rural,Spring,Online,4267,
779,219,17,560,2,61,Bed,Wood,White,Urban,Fall,Online,9520,
879,310,17,569,2,41,Bed,Wood,White,Suburban,Summer,Online,9673,
744,159,17,585,3,17,Bed,Wood,Blue,Urban,Winter,Online,9945,
425,245,19,180,1,49,Bed,Wood,Green,Urban,Summer,Online,3420,
755,290,19,465,2,42,Bed,Leather,Blue,Urban,Summer,Retail,8835,
472,237,20,235,0,0,Bed,Fabric,Blue,Urban,Fall,Online,4700,
731,326,24,405,3,39,Bed,Wood,Green,Rural,Fall,Online,9720,
870,345,24,525,2,25,Bed,Wood,Red,Rural,Fall,Online,12600,
566,220,24,346,3,43,Bed,Fabric,Red,Rural,Fall,Retail,8304,
981,355,24,626,1,83,Bed,Wood,White,Suburban,Spring,Retail,15024,
925,153,24,772,3,81,Bed,Wood,Green,Rural,Fall,Retail,18528,
343,202,26,141,1,54,Bed,Leather,White,Rural,Summer,Online,3666,
540,480,26,60,2,70,Bed,Leather,Blue,Rural,Winter,Retail,1560,
494,427,26,67,3,89,Bed,Wood,Red,Urban,Winter,Retail,1742,
970,231,26,739,1,63,Bed,Wood,White,Suburban,Winter,Retail,19214,
682,538,27,144,1,32,Bed,Leather,Brown,Rural,Spring,Online,3888,
896,285,27,611,3,36,Bed,Wood,Green,Rural,Summer,Online,16497,
669,899,28,-230,3,45,Bed,Leather,Blue,Suburban,Spring,Online,-6440,
804,203,28,601,2,79,Bed,Wood,Green,Urban,Summer,Online,16828,
1888,195,29,1693,1,57,Bed,Wood,White,Suburban,Winter,Retail,49097,
487,208,32,279,1,27,Bed,Wood,Black,Suburban,Summer,Retail,8928,
444,248,33,196,1,68,Bed,Leather,White,Urban,Summer,Online,6468,
406,218,35,188,2,28,Bed,Leather,Brown,Suburban,Fall,Online,6580,
1887,1346,0,541,1,51,Bed,Wood,Red,Urban,Spring,Online,0,
1507,1062,1,445,2,43,Bed,Leather,Black,Suburban,Spring,Online,445,
579,418,2,161,1,33,Bed,Wood,Black,Urban,Winter,Retail,322,
576,327,12,249,2,80,Bed,Leather,White,Rural,Summer,Retail,498,
1889,1236,12,653,2,78,Bed,Leather,White,Urban,Summer,Retail,1306,
892,201,3,691,3,39,Bed,Wood,Blue,Urban,Spring,Retail,2073,
943,216,4,727,2,86,Bed,Fabric,Green,Suburban,Summer,Retail,2908,
1136,213,4,923,1,27,Bed,Wood,Black,Rural,Spring,Retail,3692,
971,298,6,673,1,26,Bed,Fabric,Blue,Rural,Fall,Retail,4038,
697,282,11,415,3,46,Bed,Wood,Green,Rural,Spring,Online,4565,
471,318,11,153,0,86,Bed,Leather,Black,Rural,Fall,Retail,1683,
691,303,12,388,0,12,Bed,Wood,Black,Suburban,Fall,Online,4656,
474,472,13,2,0,59,Bed,Leather,Brown,Suburban,Fall,Online,26,
704,261,14,443,2,67,Bed,Wood,Red,Urban,Winter,Online,6202,
893,361,15,532,3,35,Bed,Fabric,Green,Suburban,Summer,Online,7980,
652,236,15,416,0,37,Bed,Wood,Blue,Rural,Summer,Retail,6240,
880,294,16,586,2,66,Bed,Wood,Black,Suburban,Winter,Online,9376,
1356,1172,16,184,0,82,Bed,Leather,Black,Suburban,Fall,Retail,2944,
499,201,18,298,1,43,Bed,Wood,Red,Urban,Spring,Online,5364,
1791,433,18,1358,3,16,Bed,Wood,Black,Rural,Winter,Online,24444,
1167,986,18,181,1,47,Bed,Fabric,Red,Urban,Spring,Retail,3258,
530,224,18,306,1,40,Bed,Fabric,Black,Rural,Summer,Retail,5508,
910,788,19,122,3,38,Bed,Fabric,Black,Suburban,Spring,Online,2318,
2164,395,19,1769,1,32,Bed,Wood,White,Urban,Summer,Retail,33611,
662,280,20,382,0,49,Bed,Wood,Black,Urban,Summer,Online,7640,
610,356,22,254,0,70,Bed,Leather,White,Rural,Summer,Retail,5588,
267,297,23,-30,1,31,Bed,Leather,White,Urban,Summer,Online,-690,
603,486,23,117,3,76,Bed,Fabric,Black,Rural,Winter,Retail,2691,
867,458,23,409,1,88,Bed,Wood,Brown,Rural,Summer,Retail,9407,
1377,209,23,1168,3,24,Bed,Wood,Blue,Suburban,Summer,Retail,26864,
284,259,24,25,1,27,Bed,Wood,Brown,Rural,Winter,Online,600,
735,312,24,423,0,43,Bed,Wood,Brown,Urban,Winter,Online,10152,
1006,399,25,607,3,28,Bed,Wood,White,Rural,Summer,Online,15175,
1089,975,26,114,1,23,Bed,Fabric,Red,Urban,Summer,Online,2964,
701,180,26,521,0,78,Bed,Wood,Black,Rural,Winter,Online,13546,
860,442,27,418,1,73,Bed,Wood,Blue,Rural,Fall,Online,11286,
959,172,27,787,3,72,Bed,Wood,Blue,Suburban,Spring,Online,21249,
496,312,28,184,0,36,Bed,Leather,Red,Rural,Fall,Online,5152,
293,274,31,19,1,48,Bed,Fabric,Black,Suburban,Spring,Retail,589,
644,225,33,419,3,90,Bed,Wood,White,Rural,Summer,Retail,13827,
624,257,34,367,1,56,Bed,Fabric,Red,Urban,Summer,Online,12478,
533,475,43,58,3,66,Bed,Leather,Red,Rural,Fall,Online,2494,
381,168,7,213,6,70,Bed,Leather,Brown,Urban,Summer,Retail,0,
521,422,1,99,6,25,Bed,Leather,Green,Urban,Spring,Online,99,
1374,373,2,1001,6,32,Bed,Wood,Blue,Urban,Summer,Online,2002,
479,344,3,135,6,90,Bed,Leather,Brown,Rural,Spring,Retail,405,
385,177,13,208,6,38,Bed,Leather,Brown,Suburban,Fall,Retail,624,
694,291,4,403,6,85,Bed,Wood,White,Suburban,Summer,Online,1612,
972,402,4,570,6,44,Bed,Wood,Blue,Urban,Winter,Online,2280,
764,294,6,470,6,45,Bed,Wood,Green,Rural,Winter,Online,2820,
477,204,8,273,6,87,Bed,Wood,Black,Rural,Spring,Retail,2184,
564,252,9,312,6,48,Bed,Fabric,Red,Urban,Fall,Online,2808,
785,166,9,619,6,47,Bed,Wood,Red,Urban,Spring,Online,5571,
683,227,10,456,6,74,Bed,Wood,Blue,Urban,Summer,Retail,4560,
499,295,13,204,6,54,Bed,Fabric,Red,Urban,Fall,Online,2652,
812,353,13,459,6,26,Bed,Wood,Brown,Urban,Spring,Retail,5967,
1007,190,15,817,6,62,Bed,Wood,Red,Rural,Fall,Online,12255,
544,297,16,247,6,39,Bed,Leather,Brown,Rural,Fall,Retail,3952,
586,442,17,144,6,85,Bed,Wood,Brown,Rural,Winter,Retail,2448,
798,286,19,512,6,51,Bed,Fabric,Black,Rural,Winter,Retail,9728,
627,302,22,325,6,38,Bed,Fabric,Green,Urban,Spring,Online,7150,
1135,996,23,139,6,49,Bed,Leather,Brown,Suburban,Summer,Online,3197,
411,221,24,190,6,41,Bed,Fabric,Brown,Rural,Spring,Online,4560,
624,272,24,352,6,54,Bed,Wood,Red,Urban,Spring,Online,8448,
592,239,24,353,6,81,Bed,Wood,White,Rural,Spring,Online,8472,
516,264,26,252,6,80,Bed,Fabric,Blue,Urban,Fall,Online,6552,
1029,376,26,653,6,64,Bed,Wood,Red,Rural,Spring,Online,16978,
744,166,27,578,6,39,Bed,Fabric,Black,Urban,Summer,Online,15606,
779,323,27,456,6,86,Bed,Wood,White,Urban,Summer,Retail,12312,
932,387,27,545,6,83,Bed,Wood,Blue,Rural,Summer,Retail,14715,
359,211,31,148,6,84,Bed,Leather,Blue,Urban,Winter,Retail,4588,
594,307,31,287,6,60,Bed,Wood,Blue,Rural,Fall,Retail,8897,
676,278,32,398,6,76,Bed,Leather,Red,Suburban,Spring,Retail,12736,
718,334,33,384,6,28,Bed,Fabric,Black,Suburban,Spring,Retail,12672,
974,230,33,744,6,41,Bed,Wood,Green,Rural,Spring,Retail,24552,
491,200,34,291,6,73,Bed,Wood,Brown,Suburban,Fall,Online,9894,
645,255,35,390,6,49,Bed,Wood,Black,Suburban,Fall,Online,13650,
1263,418,35,845,6,70,Bed,Wood,White,Suburban,Summer,Online,29575,
588,260,37,328,6,23,Bed,Wood,Brown,Urban,Spring,Online,12136,
1025,230,39,795,6,48,Bed,Wood,Brown,Urban,Summer,Online,31005,
622,405,43,217,6,37,Bed,Fabric,Blue,Rural,Spring,Online,9331,
1951,1378,2,573,5,27,Bed,Wood,Black,Suburban,Summer,Online,1146,
1335,327,2,1008,5,38,Bed,Wood,Black,Rural,Summer,Online,2016,
3782,1204,3,2578,5,41,Bed,Leather,Red,Suburban,Winter,Retail,7734,
1176,705,4,471,5,30,Bed,Wood,Green,Suburban,Winter,Online,1884,
496,221,5,275,5,67,Bed,Wood,White,Rural,Spring,Online,1375,
844,231,5,613,5,78,Bed,Wood,Blue,Urban,Summer,Retail,3065,
1074,409,5,665,5,60,Bed,Wood,Red,Urban,Fall,Retail,3325,
1020,262,5,758,5,57,Bed,Wood,Black,Suburban,Spring,Retail,3790,
1066,1032,6,34,5,67,Bed,Leather,Green,Rural,Summer,Online,204,
1477,341,8,1136,5,43,Bed,Wood,Blue,Urban,Fall,Retail,9088,
1233,424,11,809,5,56,Bed,Fabric,Red,Rural,Winter,Online,8899,
365,288,14,77,5,78,Bed,Leather,Blue,Suburban,Spring,Online,1078,
1118,965,14,153,5,58,Bed,Fabric,Brown,Rural,Summer,Online,2142,
793,326,14,467,5,32,Bed,Wood,Red,Urban,Fall,Online,6538,
299,162,16,137,5,48,Bed,Leather,Red,Suburban,Spring,Online,2192,
1807,1170,16,637,5,43,Bed,Wood,White,Rural,Spring,Retail,10192,
1027,378,17,649,5,39,Bed,Fabric,Green,Urban,Spring,Online,11033,
949,286,17,663,5,26,Bed,Wood,Green,Rural,Fall,Online,11271,
876,371,17,505,5,75,Bed,Wood,Red,Urban,Fall,Retail,8585,
473,219,18,254,5,87,Bed,Leather,White,Suburban,Summer,Retail,4572,
871,484,20,387,5,39,Bed,Leather,Red,Suburban,Winter,Retail,7740,
1738,1271,23,467,5,59,Bed,Leather,Black,Urban,Fall,Retail,10741,
1011,1016,25,-5,5,30,Bed,Wood,Red,Urban,Fall,Online,-125,
515,196,26,319,5,42,Bed,Wood,Black,Rural,Fall,Online,8294,
920,418,26,502,5,38,Bed,Wood,White,Urban,Fall,Online,13052,
492,276,27,216,5,75,Bed,Wood,White,Urban,Summer,Retail,5832,
677,208,28,469,5,49,Bed,Wood,Green,Rural,Winter,Online,13132,
455,254,29,201,5,59,Bed,Leather,Brown,Urban,Winter,Online,5829,
1457,1108,29,349,5,80,Bed,Leather,Black,Rural,Winter,Retail,10121,
700,487,32,213,5,84,Bed,Leather,Black,Suburban,Summer,Retail,6816,
1029,230,39,799,5,31,Bed,Wood,Brown,Suburban,Winter,Online,31161,
697,236,39,461,5,77,Bed,Wood,Red,Urban,Fall,Retail,17979,
1324,484,40,840,5,37,Bed,Wood,Brown,Rural,Spring,Retail,33600,
628,482,41,146,5,38,Bed,Leather,Brown,Suburban,Fall,Online,5986,
986,201,46,785,5,83,Bed,Wood,Green,Rural,Spring,Retail,36110,
659,267,48,392,5,39,Bed,Fabric,White,Urban,Spring,Retail,18816,
1009,387,0,622,4,26,Bed,Wood,White,Suburban,Spring,Retail,0,
296,244,1,52,4,29,Bed,Leather,Brown,Urban,Winter,Online,52,
586,301,3,285,4,57,Bed,Wood,Blue,Rural,Summer,Online,855,
638,203,3,435,4,54,Bed,Wood,White,Urban,Fall,Online,1305,
723,290,3,433,4,51,Bed,Wood,Brown,Rural,Fall,Retail,1299,
945,489,4,456,4,19,Bed,Leather,Red,Urban,Summer,Online,1824,
780,447,5,333,4,76,Bed,Wood,Red,Rural,Summer,Online,1665,
549,234,7,315,4,71,Bed,Wood,Red,Urban,Summer,Online,2205,
335,279,10,56,4,51,Bed,Leather,Black,Urban,Spring,Online,560,
1354,306,10,1048,4,72,Bed,Wood,Black,Urban,Fall,Online,10480,
316,246,11,70,4,47,Bed,Leather,Green,Suburban,Fall,Online,770,
798,315,11,483,4,85,Bed,Wood,Green,Suburban,Summer,Retail,5313,
537,335,12,202,4,67,Bed,Leather,White,Urban,Summer,Online,2424,
1047,385,12,662,4,16,Bed,Wood,Black,Suburban,Fall,Online,7944,
2844,1463,12,1381,4,61,Bed,Fabric,Blue,Suburban,Spring,Online,16572,
1158,411,13,747,4,29,Bed,Fabric,Brown,Rural,Fall,Retail,9711,
569,229,16,340,4,23,Bed,Fabric,Black,Urban,Winter,Online,5440,
931,472,16,459,4,30,Bed,Fabric,Green,Suburban,Winter,Online,7344,
491,257,17,234,4,19,Bed,Wood,Green,Urban,Summer,Online,3978,
774,237,18,537,4,73,Bed,Wood,Blue,Urban,Spring,Online,9666,
611,239,18,372,4,38,Bed,Wood,Black,Rural,Fall,Retail,6696,
594,289,19,305,4,35,Bed,Wood,Green,Suburban,Spring,Online,5795,
997,292,21,705,4,24,Bed,Wood,Green,Suburban,Fall,Retail,14805,
546,240,22,306,4,63,Bed,Wood,Blue,Urban,Winter,Retail,6732,
399,193,23,206,4,28,Bed,Leather,Green,Rural,Fall,Online,4738,
757,223,23,534,4,70,Bed,Wood,Green,Rural,Spring,Retail,12282,
1538,364,23,1174,4,36,Bed,Wood,Blue,Suburban,Spring,Retail,27002,
687,295,24,392,4,51,Bed,Fabric,Black,Rural,Fall,Online,9408,
1241,417,24,824,4,41,Bed,Wood,Black,Rural,Summer,Online,19776,
1377,332,24,1045,4,21,Bed,Wood,Black,Urban,Fall,Online,25080,
1625,431,24,1194,4,46,Bed,Wood,Green,Urban,Fall,Online,28656,
914,377,24,537,4,65,Bed,Fabric,Red,Suburban,Fall,Retail,12888,
580,216,27,364,4,17,Bed,Wood,Green,Suburban,Fall,Online,9828,
327,167,28,160,4,79,Bed,Leather,Black,Rural,Spring,Online,4480,
416,211,28,205,4,36,Bed,Wood,Blue,Urban,Fall,Online,5740,
640,250,28,390,4,40,Bed,Wood,Blue,Suburban,Winter,Online,10920,
457,305,28,152,4,50,Bed,Leather,Red,Suburban,Spring,Retail,4256,
593,286,29,307,4,88,Bed,Wood,White,Rural,Spring,Online,8903,
808,497,29,311,4,25,Bed,Leather,Blue,Urban,Summer,Retail,9019,
340,277,29,63,4,26,Bed,Wood,Brown,Rural,Fall,Retail,1827,
719,282,30,437,4,49,Bed,Wood,Brown,Rural,Spring,Online,13110,
677,248,31,429,4,71,Bed,Wood,White,Suburban,Summer,Retail,13299,
706,290,32,416,4,28,Bed,Wood,Red,Rural,Winter,Retail,13312,
279,256,33,23,4,77,Bed,Leather,Green,Rural,Winter,Retail,759,
673,258,44,415,4,18,Bed,Wood,White,Rural,Winter,Online,18260,
1036,210,44,826,4,51,Bed,Wood,Green,Rural,Spring,Retail,36344,
644,290,2,354,3,28,Bed,Leather,Red,Suburban,Winter,Retail,708,
1810,350,2,1460,3,84,Bed,Wood,Red,Suburban,Winter,Retail,2920,
1649,359,4,1290,3,69,Bed,Wood,Red,Suburban,Fall,Online,5160,
484,174,5,310,3,57,Bed,Fabric,Blue,Urban,Winter,Retail,1550,
759,480,6,279,3,23,Bed,Wood,Green,Suburban,Fall,Online,1674,
1007,294,6,713,3,50,Bed,Wood,Green,Suburban,Winter,Online,4278,
822,357,8,465,3,32,Bed,Wood,Black,Suburban,Winter,Online,3720,
657,296,8,361,3,66,Bed,Wood,Green,Urban,Spring,Retail,2888,
517,288,10,229,3,42,Bed,Leather,Green,Rural,Summer,Retail,2290,
502,293,11,209,3,21,Bed,Leather,White,Urban,Fall,Online,2299,
563,243,11,320,3,21,Bed,Wood,Green,Urban,Fall,Online,3520,
1188,409,11,779,3,65,Bed,Wood,Brown,Suburban,Summer,Online,8569,
895,445,12,450,3,26,Bed,Fabric,Black,Suburban,Fall,Online,5400,
1027,393,12,634,3,70,Bed,Fabric,Red,Suburban,Summer,Online,7608,
683,310,12,373,3,38,Bed,Wood,White,Rural,Summer,Retail,4476,
404,265,13,139,3,75,Bed,Leather,Red,Rural,Fall,Online,1807,
1632,964,13,668,3,77,Bed,Leather,Green,Suburban,Spring,Online,8684,
629,389,13,240,3,88,Bed,Leather,Brown,Suburban,Fall,Retail,3120,
543,172,14,371,3,42,Bed,Wood,White,Suburban,Winter,Online,5194,
1307,983,14,324,3,69,Bed,Leather,Brown,Rural,Summer,Retail,4536,
821,442,19,379,3,46,Bed,Wood,Green,Suburban,Fall,Online,7201,
1064,495,19,569,3,56,Bed,Wood,Brown,Rural,Fall,Online,10811,
784,474,20,310,3,49,Bed,Leather,Red,Urban,Winter,Online,6200,
786,418,20,368,3,77,Bed,Wood,Red,Rural,Fall,Retail,7360,
1200,319,20,881,3,36,Bed,Wood,Brown,Urban,Winter,Retail,17620,
1723,697,20,1026,3,37,Bed,Wood,White,Urban,Fall,Retail,20520,
452,213,22,239,3,60,Bed,Wood,Black,Urban,Winter,Retail,5258,
1173,984,23,189,3,39,Bed,Fabric,Brown,Suburban,Summer,Online,4347,
572,390,23,182,3,14,Bed,Leather,Red,Suburban,Fall,Online,4186,
295,217,26,78,3,48,Bed,Leather,Blue,Rural,Summer,Online,2028,
556,240,26,316,3,57,Bed,Wood,White,Rural,Winter,Online,8216,
235,218,26,17,3,73,Bed,Wood,Red,Suburban,Summer,Retail,442,
549,278,26,271,3,66,Bed,Wood,Blue,Rural,Winter,Retail,7046,
1261,846,27,415,3,74,Bed,Wood,Brown,Urban,Fall,Retail,11205,
722,441,28,281,3,53,Bed,Wood,Red,Suburban,Winter,Online,7868,
346,165,28,181,3,59,Bed,Wood,Green,Rural,Winter,Retail,5068,
1011,390,29,621,3,42,Bed,Wood,Red,Rural,Winter,Online,18009,
627,405,30,222,3,59,Bed,Leather,Red,Suburban,Winter,Retail,6660,
1155,465,31,690,3,35,Bed,Fabric,Blue,Urban,Fall,Online,21390,
569,456,31,113,3,69,Bed,Wood,Blue,Rural,Winter,Retail,3503,
818,480,32,338,3,42,Bed,Leather,Red,Urban,Summer,Online,10816,
773,480,33,293,3,62,Bed,Wood,Red,Suburban,Spring,Retail,9669,
816,468,34,348,3,73,Bed,Leather,Brown,Rural,Spring,Retail,11832,
726,489,35,237,3,40,Bed,Wood,White,Rural,Winter,Online,8295,
759,201,44,558,3,26,Bed,Wood,Brown,Rural,Fall,Online,24552,
3814,1438,0,2376,2,20,Bed,Leather,Green,Suburban,Fall,Online,0,
934,396,3,538,2,33,Bed,Wood,Brown,Rural,Summer,Online,538,
560,291,1,269,2,78,Bed,Wood,Brown,Suburban,Spring,Retail,269,
382,182,4,200,2,85,Bed,Leather,Brown,Urban,Fall,Retail,800,
601,232,5,369,2,86,Bed,Wood,Blue,Rural,Summer,Online,1845,
1003,344,5,659,2,41,Bed,Wood,Blue,Rural,Summer,Retail,3295,
947,375,6,572,2,52,Bed,Wood,White,Rural,Winter,Online,3432,
788,176,7,612,2,39,Bed,Wood,Blue,Suburban,Summer,Retail,4284,
513,430,8,83,2,48,Bed,Leather,Red,Rural,Winter,Retail,664,
301,217,8,84,2,57,Bed,Leather,Brown,Suburban,Fall,Retail,672,
702,327,10,375,2,71,Bed,Wood,Blue,Rural,Fall,Online,3750,
489,209,11,280,2,32,Bed,Fabric,Red,Rural,Winter,Online,3080,
844,221,12,623,2,19,Bed,Wood,Green,Rural,Fall,Online,7476,
553,202,15,351,2,39,Bed,Fabric,Brown,Urban,Winter,Online,5265,
947,405,15,542,2,69,Bed,Wood,Red,Suburban,Fall,Online,8130,
541,191,16,350,2,63,Bed,Wood,Green,Suburban,Summer,Online,5600,
613,258,16,355,2,77,Bed,Wood,Green,Suburban,Fall,Online,5680,
763,311,16,452,2,27,Bed,Wood,Black,Rural,Summer,Online,7232,
545,216,17,329,2,43,Bed,Wood,Black,Suburban,Summer,Online,5593,
730,362,18,368,2,48,Bed,Fabric,White,Rural,Fall,Online,6624,
1099,560,18,539,2,41,Bed,Fabric,Green,Rural,Summer,Online,9702,
752,189,18,563,2,24,Bed,Wood,Red,Suburban,Winter,Online,10134,
635,311,18,324,2,70,Bed,Wood,Red,Rural,Winter,Retail,5832,
716,291,19,425,2,17,Bed,Wood,White,Suburban,Spring,Online,8075,
504,217,20,287,2,16,Bed,Wood,Red,Rural,Spring,Online,5740,
529,250,20,279,2,45,Bed,Wood,White,Rural,Spring,Retail,5580,
557,228,21,329,2,15,Bed,Wood,White,Urban,Spring,Online,6909,
467,193,21,274,2,52,Bed,Wood,Green,Suburban,Spring,Retail,5754,
467,165,21,302,2,56,Bed,Wood,Green,Rural,Fall,Retail,6342,
300,182,22,118,2,13,Bed,Leather,Black,Rural,Winter,Online,2596,
2847,1294,22,1553,2,48,Bed,Leather,White,Rural,Winter,Retail,34166,
485,294,23,191,2,47,Bed,Fabric,Green,Urban,Spring,Online,4393,
806,341,23,465,2,7,Bed,Wood,Brown,Urban,Summer,Online,10695,
788,310,23,478,2,28,Bed,Wood,Blue,Suburban,Fall,Online,10994,
602,183,24,419,2,43,Bed,Fabric,White,Urban,Winter,Retail,10056,
437,230,26,207,2,78,Bed,Wood,Black,Suburban,Summer,Online,5382,
606,272,26,334,2,61,Bed,Wood,White,Urban,Summer,Online,8684,
628,245,27,383,2,73,Bed,Wood,Green,Suburban,Summer,Online,10341,
662,266,27,396,2,32,Bed,Wood,White,Urban,Summer,Retail,10692,
660,215,27,445,2,89,Bed,Wood,Black,Rural,Winter,Retail,12015,
1236,419,27,817,2,26,Bed,Wood,Blue,Rural,Summer,Retail,22059,
1109,253,27,856,2,34,Bed,Wood,Blue,Suburban,Fall,Retail,23112,
655,260,28,395,2,72,Bed,Leather,Black,Rural,Winter,Online,11060,
1037,382,28,655,2,84,Bed,Wood,Green,Suburban,Fall,Online,18340,
717,480,30,237,2,25,Bed,Leather,Blue,Suburban,Summer,Online,7110,
440,229,30,211,2,75,Bed,Fabric,Red,Urban,Winter,Retail,6330,
1836,1130,30,706,2,84,Bed,Leather,Black,Suburban,Spring,Retail,21180,
510,190,34,320,2,26,Bed,Wood,Green,Rural,Summer,Online,10880,
1052,410,34,642,2,30,Bed,Wood,Blue,Rural,Spring,Retail,21828,
517,397,51,120,2,48,Bed,Leather,Red,Urban,Spring,Online,6120,
442,223,1,219,1,71,Bed,Wood,Blue,Suburban,Summer,Retail,219,
1048,238,2,810,1,24,Bed,Fabric,Black,Urban,Fall,Retail,1620,
1118,410,3,708,1,60,Bed,Wood,Green,Rural,Fall,Online,2124,
1763,359,3,1404,1,73,Bed,Wood,Blue,Rural,Fall,Online,4212,
794,274,3,520,1,70,Bed,Wood,Blue,Rural,Spring,Retail,1560,
518,188,6,330,1,60,Bed,Wood,Black,Urban,Winter,Retail,1980,
861,994,8,-133,1,24,Bed,Leather,White,Rural,Winter,Online,-1064,
932,394,9,538,1,53,Bed,Wood,Blue,Rural,Summer,Online,4842,
832,446,9,386,1,57,Bed,Fabric,Black,Suburban,Summer,Retail,3474,
1308,164,11,1144,1,48,Bed,Wood,White,Urban,Fall,Online,12584,
397,179,11,218,1,59,Bed,Fabric,Black,Rural,Fall,Retail,2398,
629,231,11,398,1,70,Bed,Wood,Green,Urban,Spring,Retail,4378,
590,469,12,121,1,82,Bed,Leather,Green,Urban,Fall,Retail,1452,
604,391,12,213,1,71,Bed,Leather,Green,Rural,Spring,Retail,2556,
463,187,12,276,1,83,Bed,Wood,Blue,Urban,Summer,Retail,3312,
564,226,13,338,1,74,Bed,Fabric,White,Rural,Winter,Retail,4394,
597,475,14,122,1,66,Bed,Leather,White,Rural,Summer,Online,1708,
439,241,15,198,1,63,Bed,Wood,Green,Suburban,Fall,Online,2970,
631,310,15,321,1,53,Bed,Fabric,Red,Suburban,Fall,Online,4815,
623,293,15,330,1,77,Bed,Wood,White,Rural,Winter,Online,4950,
1218,1129,16,89,1,44,Bed,Leather,White,Rural,Spring,Retail,1424,
570,259,16,311,1,73,Bed,Wood,White,Urban,Fall,Retail,4976,
911,338,17,573,1,46,Bed,Wood,Brown,Rural,Summer,Retail,9741,
325,289,18,36,1,34,Bed,Leather,Brown,Urban,Summer,Retail,648,
1275,1216,21,59,1,39,Bed,Fabric,Blue,Suburban,Summer,Online,1239,
1130,1202,22,-72,1,31,Bed,Leather,Blue,Rural,Fall,Retail,-1584,
571,329,22,242,1,27,Bed,Wood,Red,Suburban,Spring,Retail,5324,
1210,694,23,516,1,78,Bed,Wood,Black,Urban,Spring,Retail,11868,
316,207,25,109,1,32,Bed,Leather,Green,Rural,Summer,Online,2725,
903,369,28,534,1,60,Bed,Wood,Blue,Suburban,Spring,Retail,14952,
1206,478,28,728,1,48,Bed,Wood,Green,Suburban,Fall,Retail,20384,
633,290,29,343,1,41,Bed,Fabric,White,Rural,Spring,Retail,9947,
663,259,29,404,1,53,Bed,Wood,White,Suburban,Summer,Retail,11716,
798,242,31,556,1,33,Bed,Wood,Red,Urban,Winter,Retail,17236,
1806,431,31,1375,1,54,Bed,Fabric,White,Urban,Spring,Retail,42625,
909,343,32,566,1,65,Bed,Wood,White,Rural,Fall,Online,18112,
1126,497,33,629,1,72,Bed,Wood,Black,Rural,Fall,Online,20757,
616,287,34,329,1,44,Bed,Wood,Brown,Rural,Winter,Online,11186,
1179,288,43,891,1,41,Bed,Wood,Green,Urban,Fall,Retail,38313,
437,301,51,136,1,20,Bed,Fabric,Blue,Rural,Fall,Online,6936,
325,222,6,103,0,71,Bed,Wood,White,Suburban,Fall,Online,103,
1112,1044,1,68,0,72,Bed,Fabric,Green,Rural,Spring,Retail,68,
945,940,2,5,0,32,Bed,Fabric,Blue,Urban,Fall,Retail,10,
561,445,2,116,0,35,Bed,Leather,White,Suburban,Fall,Retail,232,
348,210,3,138,0,35,Bed,Leather,Green,Urban,Fall,Online,414,
474,195,4,279,0,34,Bed,Wood,Brown,Urban,Spring,Online,1116,
408,292,5,116,0,41,Bed,Fabric,Blue,Suburban,Winter,Online,580,
1391,345,5,1046,0,33,Bed,Wood,Green,Rural,Winter,Online,5230,
578,343,5,235,0,88,Bed,Wood,Black,Suburban,Summer,Retail,1175,
1074,438,6,636,0,78,Bed,Wood,Blue,Rural,Fall,Retail,3816,
445,238,8,207,0,41,Bed,Fabric,White,Suburban,Fall,Retail,1656,
983,379,11,604,0,41,Bed,Wood,Black,Rural,Winter,Online,6644,
1243,1340,12,-97,0,64,Bed,Leather,White,Suburban,Summer,Retail,-1164,
416,202,13,214,0,82,Bed,Leather,White,Urban,Spring,Online,2782,
927,165,13,762,0,19,Bed,Wood,Green,Urban,Spring,Online,9906,
259,229,14,30,0,74,Bed,Leather,Red,Urban,Fall,Retail,420,
613,285,15,328,0,80,Bed,Wood,Red,Suburban,Spring,Online,4920,
1082,298,15,784,0,61,Bed,Fabric,Green,Suburban,Summer,Online,11760,
502,240,15,262,0,33,Bed,Wood,Brown,Rural,Fall,Retail,3930,
606,263,15,343,0,65,Bed,Wood,Green,Urban,Summer,Retail,5145,
536,438,17,98,0,32,Bed,Leather,Black,Urban,Winter,Online,1666,
763,360,18,403,0,64,Bed,Wood,Brown,Rural,Summer,Online,7254,
201,185,19,16,0,13,Bed,Leather,Green,Suburban,Fall,Online,304,
395,184,20,211,0,1,Bed,Leather,Green,Urban,Fall,Online,4220,
480,243,21,237,0,10,Bed,Leather,White,Urban,Winter,Online,4977,
417,154,21,263,0,31,Bed,Fabric,Brown,Suburban,Summer,Online,5523,
1127,246,22,881,0,18,Bed,Wood,White,Suburban,Fall,Online,19382,
544,469,22,75,0,50,Bed,Wood,Red,Urban,Spring,Retail,1650,
607,202,23,405,0,51,Bed,Wood,Black,Suburban,Summer,Retail,9315,
441,228,24,213,0,22,Bed,Leather,Green,Rural,Fall,Online,5112,
709,497,26,212,0,47,Bed,Fabric,White,Rural,Winter,Online,5512,
522,264,26,258,0,58,Bed,Wood,Blue,Urban,Fall,Online,6708,
537,238,26,299,0,78,Bed,Wood,White,Suburban,Spring,Online,7774,
477,234,26,243,0,55,Bed,Leather,Red,Urban,Fall,Retail,6318,
540,193,26,347,0,39,Bed,Fabric,White,Urban,Winter,Retail,9022,
932,295,26,637,0,82,Bed,Fabric,White,Urban,Summer,Retail,16562,
575,283,27,292,0,26,Bed,Wood,Blue,Rural,Winter,Online,7884,
1096,459,27,637,0,60,Bed,Wood,Blue,Suburban,Winter,Retail,17199,
314,179,30,135,0,59,Bed,Leather,Red,Urban,Fall,Retail,4050,
834,195,32,639,0,60,Bed,Wood,Red,Rural,Spring,Retail,20448,
899,269,35,630,0,65,Bed,Wood,Brown,Urban,Winter,Retail,22050,
1950,1919,36,31,0,29,Bed,Leather,Red,Rural,Spring,Online,1116,
733,361,38,372,0,47,Bed,Wood,Blue,Suburban,Summer,Online,14136,
3508,1463,3,2045,9,46,Chair,Metal,Brown,Rural,Spring,Online,6135,
902,443,2,459,1,36,Chair,Fabric,Black,Urban,Summer,Online,918,
597,87,1,510,2,26,Chair,Wood,Black,Suburban,Winter,Online,510,
341,258,13,83,4,71,Chair,Metal,Blue,Rural,Spring,Retail,8134,
853,634,0,219,8,62,Chair,Leather,Red,Rural,Spring,Retail,0,
748,290,0,458,0,82,Chair,Wood,Red,Suburban,Fall,Retail,0,
925,1023,2,-98,0,67,Chair,Leather,Blue,Rural,Spring,Online,-196,
984,256,14,728,7,48,Chair,Metal,Green,Urban,Summer,Retail,53872,
549,264,15,285,4,40,Chair,Metal,Blue,Urban,Winter,Online,18240,
586,301,2,285,3,38,Chair,Fabric,White,Suburban,Spring,Online,570,
580,435,2,145,7,25,Chair,Wood,Black,Rural,Spring,Online,290,
568,273,2,295,5,57,Chair,Fabric,Brown,Urban,Winter,Online,590,
418,150,2,268,0,36,Chair,Leather,Black,Urban,Fall,Online,536,
356,391,2,-35,8,39,Chair,Metal,Brown,Rural,Winter,Retail,-70,
1014,294,2,720,0,46,Chair,Wood,Blue,Urban,Fall,Retail,1440,
475,198,2,277,10,35,Chair,Metal,Green,Urban,Summer,Retail,17174,
817,529,2,288,7,31,Chair,Fabric,Brown,Urban,Spring,Retail,576,
549,390,2,159,5,42,Chair,Wood,White,Suburban,Fall,Retail,318,
488,248,2,240,5,47,Chair,Wood,Green,Suburban,Fall,Retail,480,
260,197,13,63,3,60,Chair,Metal,Red,Urban,Spring,Online,3654,
347,181,2,166,0,41,Chair,Leather,White,Rural,Spring,Retail,332,
239,187,2,52,3,37,Chair,Wood,Black,Urban,Fall,Retail,104,
359,207,4,152,5,29,Chair,Wood,Black,Urban,Summer,Online,608,
441,377,4,64,5,86,Chair,Fabric,Brown,Urban,Fall,Online,256,
1001,450,4,551,8,79,Chair,Metal,Brown,Suburban,Fall,Online,2204,
946,412,4,534,5,60,Chair,Wood,Red,Rural,Fall,Online,2136,
728,316,4,412,7,56,Chair,Wood,Black,Suburban,Spring,Online,1648,
698,167,4,531,1,45,Chair,Wood,White,Suburban,Fall,Online,2124,
682,409,4,273,6,53,Chair,Wood,Green,Rural,Spring,Online,1092,
655,498,4,157,9,25,Chair,Fabric,Red,Urban,Fall,Online,628,
636,298,4,338,6,30,Chair,Wood,Black,Suburban,Summer,Online,1352,
577,356,4,221,6,75,Chair,Wood,Blue,Suburban,Winter,Online,884,
392,161,4,231,10,30,Chair,Leather,Black,Rural,Winter,Online,924,
1109,289,4,820,0,57,Desk,Metal,Green,Rural,Fall,Online,42640,
606,261,4,345,9,84,Chair,Fabric,Green,Suburban,Summer,Retail,1380,
336,206,4,130,4,35,Chair,Wood,Blue,Urban,Winter,Retail,520,
311,274,4,37,10,76,Chair,Fabric,White,Rural,Spring,Retail,148,
795,372,5,423,6,37,Desk,Plastic,Blue,Rural,Summer,Retail,20727,
652,244,4,408,8,33,Chair,Wood,Blue,Suburban,Summer,Retail,1632,
522,449,4,73,1,66,Chair,Fabric,Green,Suburban,Summer,Retail,292,
958,173,4,785,10,57,Chair,Wood,Blue,Rural,Spring,Retail,3140,
922,309,4,613,9,53,Chair,Fabric,Blue,Suburban,Fall,Retail,2452,
847,233,4,614,1,28,Chair,Wood,White,Suburban,Winter,Retail,2456,
842,447,4,395,4,80,Chair,Wood,Red,Urban,Fall,Retail,1580,
835,353,4,482,0,27,Chair,Fabric,Red,Urban,Summer,Retail,1928,
811,343,4,468,1,64,Chair,Wood,Brown,Urban,Spring,Retail,1872,
696,304,4,392,9,77,Chair,Wood,Black,Rural,Winter,Retail,1568,
680,314,4,366,9,56,Chair,Fabric,Black,Suburban,Spring,Retail,1464,
648,258,4,390,1,86,Chair,Fabric,Blue,Suburban,Spring,Retail,1560,
647,477,4,170,5,29,Chair,Metal,White,Rural,Fall,Retail,680,
566,223,4,343,10,85,Chair,Wood,Red,Rural,Winter,Retail,1372,
316,198,2,118,8,60,Chair,Plastic,Blue,Rural,Summer,Online,5664,
539,262,4,277,9,37,Chair,Fabric,Red,Urban,Spring,Retail,1108,
516,256,4,260,5,30,Chair,Leather,Red,Suburban,Spring,Retail,1040,
514,270,4,244,4,64,Chair,Metal,Blue,Suburban,Winter,Retail,11712,
387,193,4,194,10,65,Chair,Wood,Green,Suburban,Winter,Retail,776,
360,151,4,209,6,75,Chair,Fabric,Brown,Urban,Fall,Retail,836,
269,184,6,85,4,26,Chair,Plastic,Red,Rural,Spring,Online,3740,
146,120,5,26,7,46,Chair,Wood,White,Suburban,Winter,Online,130,
876,572,5,304,5,36,Chair,Metal,Brown,Urban,Fall,Online,1520,
832,258,5,574,5,21,Chair,Wood,Red,Urban,Summer,Online,2870,
576,251,5,325,7,37,Chair,Wood,Green,Urban,Fall,Online,1625,
518,252,5,266,8,38,Chair,Leather,Blue,Rural,Fall,Online,1330,
368,186,5,182,2,83,Chair,Metal,White,Rural,Winter,Online,910,
366,247,5,119,2,46,Chair,Metal,White,Urban,Fall,Online,595,
736,310,5,426,9,77,Chair,Wood,Brown,Suburban,Fall,Retail,2130,
638,289,5,349,7,70,Chair,Wood,Blue,Rural,Fall,Retail,1745,
582,235,5,347,6,34,Chair,Wood,Red,Urban,Summer,Retail,1735,
530,366,5,164,1,65,Chair,Wood,Black,Rural,Fall,Retail,820,
163,152,5,11,4,63,Chair,Leather,Red,Urban,Fall,Retail,55,
311,294,6,17,4,73,Chair,Fabric,Black,Urban,Spring,Online,102,
804,264,6,540,7,75,Chair,Wood,Blue,Urban,Summer,Online,3240,
777,284,6,493,6,31,Chair,Wood,Green,Rural,Spring,Online,2958,
623,401,6,222,5,14,Chair,Wood,Brown,Rural,Winter,Online,1332,
578,283,6,295,1,35,Chair,Metal,Black,Suburban,Winter,Online,1770,
520,494,6,26,9,75,Chair,Wood,Black,Rural,Spring,Online,156,
454,415,6,39,4,28,Chair,Leather,Blue,Rural,Spring,Online,234,
341,188,6,153,5,87,Chair,Plastic,Black,Rural,Summer,Online,918,
541,321,6,220,10,89,Chair,Wood,Brown,Urban,Summer,Retail,1320,
325,280,6,45,0,68,Chair,Wood,Blue,Rural,Winter,Retail,270,
1008,547,6,461,3,49,Chair,Wood,Brown,Suburban,Summer,Retail,2766,
750,315,6,435,8,79,Chair,Metal,White,Rural,Fall,Retail,2610,
740,320,6,420,8,82,Chair,Fabric,White,Urban,Fall,Retail,2520,
678,228,6,450,7,74,Chair,Wood,Black,Rural,Spring,Retail,2700,
677,422,6,255,2,44,Chair,Leather,Green,Suburban,Fall,Retail,1530,
660,291,6,369,3,85,Chair,Wood,Black,Urban,Fall,Retail,2214,
573,357,6,216,1,63,Chair,Fabric,Black,Urban,Winter,Retail,1296,
303,287,6,16,9,28,Chair,Wood,Green,Suburban,Fall,Retail,96,
1215,925,8,290,2,70,Chair,Wood,White,Rural,Spring,Online,2320,
887,862,8,25,1,83,Chair,Fabric,Blue,Suburban,Winter,Online,200,
798,306,8,492,8,47,Chair,Wood,Green,Suburban,Winter,Online,3936,
778,266,8,512,3,43,Chair,Wood,Green,Urban,Spring,Online,4096,
766,343,8,423,0,62,Chair,Fabric,Brown,Urban,Summer,Online,3384,
626,296,8,330,3,17,Chair,Wood,Black,Suburban,Winter,Online,2640,
572,259,8,313,0,74,Chair,Wood,Green,Rural,Fall,Online,2504,
548,286,8,262,2,35,Chair,Leather,Blue,Suburban,Summer,Online,2096,
509,184,8,325,0,53,Chair,Fabric,Red,Rural,Winter,Online,2600,
484,208,8,276,6,67,Chair,Wood,Black,Rural,Spring,Online,2208,
380,243,18,137,6,60,Chair,Metal,Green,Urban,Fall,Retail,5754,
473,229,8,244,6,30,Chair,Metal,Black,Rural,Summer,Online,1952,
472,176,8,296,3,37,Chair,Wood,Green,Rural,Winter,Online,2368,
465,166,8,299,4,85,Chair,Leather,Red,Urban,Winter,Online,2392,
321,253,6,68,1,73,Chair,Metal,Blue,Suburban,Spring,Online,2788,
608,235,8,373,4,51,Chair,Metal,Blue,Urban,Winter,Online,14920,
537,385,8,152,4,57,Chair,Wood,Black,Rural,Fall,Retail,1216,
598,190,6,408,0,27,Desk,Metal,Red,Urban,Winter,Online,16320,
967,669,8,298,2,60,Chair,Wood,Blue,Suburban,Fall,Retail,2384,
680,445,8,235,6,46,Chair,Wood,Brown,Rural,Fall,Retail,1880,
813,259,8,554,8,57,Chair,Fabric,Blue,Rural,Winter,Retail,4432,
782,453,8,329,9,25,Chair,Fabric,Green,Suburban,Summer,Retail,2632,
641,272,8,369,1,75,Chair,Metal,White,Suburban,Fall,Retail,2952,
585,472,8,113,10,36,Chair,Plastic,Black,Suburban,Spring,Retail,904,
555,278,8,277,0,47,Chair,Wood,Black,Suburban,Summer,Retail,2216,
500,174,8,326,1,32,Chair,Wood,Black,Urban,Summer,Retail,2608,
451,237,8,214,9,61,Chair,Leather,Brown,Urban,Spring,Retail,1712,
417,153,8,264,4,42,Chair,Leather,Black,Suburban,Winter,Retail,2112,
387,245,8,142,8,43,Chair,Wood,Green,Suburban,Spring,Retail,1136,
294,213,8,81,9,35,Chair,Wood,Green,Suburban,Fall,Retail,648,
766,193,8,573,0,64,Desk,Plastic,Red,Rural,Spring,Retail,22347,
191,120,9,71,6,62,Chair,Leather,White,Rural,Summer,Online,639,
294,1431,9,-1137,9,42,Chair,Leather,White,Rural,Fall,Retail,-10233,
240,183,9,57,10,33,Chair,Wood,Red,Suburban,Summer,Retail,513,
823,314,9,509,3,24,Chair,Fabric,Black,Rural,Spring,Retail,4581,
800,335,9,465,6,38,Chair,Wood,Red,Urban,Spring,Retail,4185,
638,217,9,421,0,85,Chair,Wood,Brown,Rural,Spring,Retail,3789,
550,270,9,280,2,58,Chair,Leather,Brown,Suburban,Spring,Retail,2520,
537,421,9,116,0,66,Chair,Plastic,Black,Rural,Fall,Retail,1044,
494,394,9,100,0,77,Chair,Metal,Green,Urban,Winter,Retail,3800,
477,357,10,120,10,45,Chair,Wood,Black,Urban,Spring,Online,1200,
1171,394,9,777,3,35,Desk,Glass,Red,Rural,Summer,Online,29526,
542,283,10,259,5,32,Chair,Wood,Blue,Rural,Fall,Online,2590,
321,220,10,101,9,66,Chair,Wood,White,Rural,Spring,Online,1010,
306,261,10,45,0,44,Chair,Leather,Red,Urban,Winter,Online,450,
705,281,10,424,0,48,Chair,Wood,Black,Rural,Summer,Retail,4240,
623,262,10,361,8,37,Chair,Fabric,Black,Suburban,Summer,Retail,3610,
518,203,10,315,1,78,Chair,Wood,Blue,Urban,Summer,Retail,3150,
462,156,10,306,3,77,Chair,Wood,Blue,Rural,Winter,Retail,3060,
203,197,10,6,8,75,Chair,Wood,Red,Urban,Summer,Retail,60,
430,255,11,175,3,35,Chair,Metal,Brown,Urban,Fall,Online,1925,
583,361,11,222,3,26,Chair,Wood,White,Rural,Summer,Online,2442,
350,173,37,177,2,58,Chair,Plastic,Red,Suburban,Winter,Online,6549,
520,208,11,312,4,22,Chair,Metal,Black,Suburban,Spring,Online,3432,
452,193,11,259,7,43,Chair,Wood,Green,Urban,Summer,Online,2849,
531,318,11,213,3,87,Chair,Wood,Black,Rural,Fall,Retail,2343,
941,245,11,696,8,32,Chair,Wood,Black,Suburban,Spring,Retail,7656,
423,228,35,195,7,37,Chair,Metal,Red,Rural,Spring,Retail,6825,
605,372,6,233,3,25,Desk,Plastic,Red,Suburban,Spring,Online,7922,
530,253,11,277,7,34,Chair,Leather,Black,Urban,Spring,Retail,3047,
191,171,11,20,8,72,Chair,Wood,White,Suburban,Winter,Retail,220,
571,366,12,205,6,29,Chair,Wood,Red,Urban,Winter,Online,2460,
654,351,8,303,1,75,Desk,Plastic,Red,Rural,Summer,Retail,10302,
583,272,12,311,10,62,Chair,Leather,Brown,Suburban,Spring,Online,3732,
572,166,12,406,5,68,Chair,Fabric,White,Suburban,Winter,Online,4872,
436,243,12,193,0,64,Chair,Leather,Black,Urban,Winter,Online,2316,
657,167,8,490,1,68,Desk,Plastic,Red,Urban,Summer,Retail,16660,
249,118,12,131,3,51,Chair,Wood,Brown,Suburban,Winter,Retail,1572,
945,467,12,478,1,63,Chair,Metal,Black,Rural,Fall,Retail,5736,
861,258,12,603,8,40,Chair,Metal,Brown,Suburban,Fall,Retail,7236,
809,274,12,535,10,45,Chair,Wood,White,Suburban,Spring,Retail,6420,
648,190,12,458,10,47,Chair,Wood,Blue,Rural,Spring,Retail,5496,
635,244,12,391,3,42,Chair,Fabric,Black,Suburban,Fall,Retail,4692,
586,229,12,357,9,74,Chair,Wood,White,Suburban,Spring,Retail,4284,
364,264,12,100,3,78,Chair,Wood,Brown,Suburban,Winter,Retail,1200,
234,160,12,74,7,89,Chair,Fabric,Red,Urban,Winter,Retail,888,
885,187,13,698,8,85,Chair,Wood,White,Suburban,Fall,Online,9074,
1686,366,6,1320,1,78,Desk,Metal,Blue,Suburban,Fall,Retail,44880,
591,472,9,119,6,90,Desk,Glass,Red,Urban,Fall,Online,3927,
663,228,13,435,0,72,Chair,Wood,Green,Rural,Fall,Online,5655,
651,92,13,559,0,49,Chair,Wood,White,Suburban,Fall,Online,7267,
615,453,13,162,2,33,Chair,Wood,Black,Suburban,Winter,Online,2106,
595,284,13,311,9,41,Chair,Wood,Black,Suburban,Spring,Online,4043,
543,278,13,265,2,87,Chair,Wood,Green,Suburban,Winter,Online,3445,
441,232,13,209,6,49,Chair,Wood,Blue,Suburban,Summer,Online,2717,
364,196,13,168,0,64,Chair,Fabric,Blue,Urban,Winter,Online,2184,
620,387,0,233,6,41,Desk,Glass,Blue,Rural,Spring,Retail,7223,
237,185,13,52,2,53,Chair,Leather,Red,Urban,Fall,Online,676,
868,268,13,600,9,56,Chair,Wood,Green,Rural,Winter,Retail,7800,
444,173,13,271,5,53,Chair,Leather,Green,Rural,Spring,Retail,3523,
443,167,13,276,2,57,Chair,Fabric,Brown,Suburban,Summer,Retail,3588,
634,414,30,220,2,47,Chair,Metal,Blue,Urban,Summer,Online,6600,
312,175,13,137,3,67,Chair,Plastic,White,Rural,Fall,Retail,1781,
216,183,13,33,1,32,Chair,Metal,Brown,Urban,Fall,Retail,429,
960,388,14,572,1,74,Chair,Wood,Black,Rural,Spring,Online,8008,
945,469,14,476,0,60,Chair,Wood,Red,Rural,Fall,Online,6664,
833,355,14,478,9,46,Chair,Wood,Green,Rural,Winter,Online,6692,
821,267,14,554,6,62,Chair,Fabric,Black,Urban,Summer,Online,7756,
681,257,14,424,8,65,Chair,Metal,Brown,Rural,Fall,Online,5936,
366,173,30,193,5,41,Chair,Plastic,Green,Urban,Summer,Online,5790,
563,185,14,378,2,54,Chair,Fabric,Red,Urban,Summer,Online,5292,
765,386,14,379,2,66,Chair,Wood,Blue,Suburban,Spring,Retail,5306,
747,295,14,452,9,66,Chair,Wood,Brown,Urban,Summer,Retail,6328,
645,317,14,328,6,26,Chair,Wood,Blue,Rural,Fall,Retail,4592,
505,352,14,153,10,38,Chair,Plastic,White,Rural,Summer,Retail,2142,
337,183,14,154,8,80,Chair,Metal,Black,Suburban,Fall,Retail,2156,
291,183,14,108,3,87,Chair,Wood,Red,Urban,Winter,Retail,1512,
280,265,14,15,6,44,Chair,Leather,Black,Urban,Winter,Retail,210,
962,271,15,691,0,41,Chair,Wood,Black,Suburban,Spring,Online,10365,
682,326,15,356,1,67,Chair,Wood,White,Rural,Fall,Online,5340,
857,326,15,531,10,42,Chair,Wood,Brown,Urban,Spring,Online,7965,
790,273,15,517,6,46,Chair,Metal,White,Urban,Fall,Online,7755,
734,484,15,250,5,65,Chair,Wood,Green,Suburban,Fall,Online,3750,
567,241,15,326,10,18,Chair,Metal,White,Suburban,Summer,Online,4890,
656,285,29,371,2,50,Chair,Metal,Red,Rural,Spring,Online,10759,
654,771,15,-117,3,39,Chair,Leather,White,Urban,Winter,Retail,-1755,
664,354,15,310,10,58,Chair,Wood,Blue,Suburban,Spring,Retail,4650,
535,284,15,251,2,39,Chair,Leather,Black,Suburban,Winter,Retail,3765,
646,424,29,222,3,55,Chair,Metal,Blue,Rural,Spring,Online,6438,
1001,795,16,206,6,56,Chair,Leather,Brown,Rural,Summer,Online,3296,
954,191,16,763,9,30,Chair,Fabric,Red,Urban,Spring,Online,12208,
333,218,29,115,4,66,Chair,Plastic,Red,Rural,Spring,Retail,3335,
1004,161,16,843,10,84,Chair,Wood,Blue,Suburban,Spring,Retail,13488,
900,583,16,317,1,54,Chair,Leather,Black,Suburban,Fall,Retail,5072,
650,456,16,194,10,40,Chair,Fabric,Black,Urban,Summer,Retail,3104,
436,164,8,272,1,25,Desk,Metal,Blue,Urban,Winter,Online,7888,
1051,953,7,98,2,33,Desk,Plastic,Red,Suburban,Fall,Retail,2842,
124,96,16,28,3,25,Chair,Fabric,Brown,Urban,Spring,Retail,448,
508,373,17,135,7,11,Chair,Wood,Brown,Urban,Spring,Online,2295,
699,287,8,412,2,46,Desk,Plastic,Red,Rural,Summer,Retail,11948,
870,260,17,610,4,22,Chair,Wood,Green,Suburban,Summer,Online,10370,
847,240,17,607,7,38,Chair,Wood,Brown,Urban,Spring,Online,10319,
845,167,17,678,8,24,Chair,Metal,White,Suburban,Summer,Online,11526,
700,176,17,524,1,35,Chair,Wood,Blue,Rural,Winter,Online,8908,
634,276,17,358,2,67,Chair,Wood,Black,Suburban,Spring,Online,6086,
547,168,17,379,1,56,Chair,Wood,White,Suburban,Fall,Online,6443,
457,329,17,128,3,54,Chair,Wood,Red,Urban,Fall,Online,2176,
421,206,17,215,5,76,Chair,Metal,Brown,Rural,Spring,Online,3655,
227,217,17,10,0,73,Chair,Metal,Brown,Rural,Fall,Online,170,
775,452,17,323,2,40,Chair,Wood,Blue,Rural,Fall,Retail,5491,
1000,497,17,503,0,38,Chair,Wood,Red,Urban,Fall,Retail,8551,
850,439,17,411,10,38,Chair,Fabric,Brown,Urban,Fall,Retail,6987,
831,369,17,462,2,54,Chair,Metal,White,Rural,Fall,Retail,7854,
726,255,17,471,6,62,Chair,Fabric,Green,Suburban,Winter,Retail,8007,
671,467,17,204,4,42,Chair,Wood,Green,Suburban,Spring,Retail,3468,
531,428,17,103,4,86,Chair,Plastic,Black,Suburban,Fall,Retail,1751,
259,251,18,8,5,32,Chair,Fabric,Blue,Urban,Spring,Online,144,
702,307,18,395,1,69,Chair,Fabric,Black,Suburban,Spring,Online,7110,
532,210,18,322,9,41,Chair,Wood,White,Rural,Spring,Online,5796,
486,259,18,227,9,68,Chair,Leather,Black,Rural,Winter,Online,4086,
478,174,18,304,6,37,Chair,Leather,Black,Suburban,Summer,Online,5472,
403,151,18,252,8,84,Chair,Wood,Red,Rural,Winter,Online,4536,
586,317,18,269,5,79,Chair,Wood,Black,Rural,Winter,Retail,4842,
648,248,18,400,7,88,Chair,Wood,Black,Rural,Summer,Retail,7200,
581,228,9,353,3,61,Desk,Glass,Red,Rural,Spring,Retail,10237,
595,248,18,347,0,38,Chair,Wood,Black,Urban,Summer,Retail,6246,
546,351,18,195,7,31,Chair,Fabric,Brown,Suburban,Winter,Retail,3510,
517,264,18,253,1,24,Chair,Wood,Green,Suburban,Summer,Retail,4554,
474,334,18,140,9,66,Chair,Fabric,Blue,Rural,Fall,Retail,2520,
357,252,18,105,7,28,Chair,Metal,Black,Urban,Winter,Retail,1890,
755,445,19,310,10,58,Chair,Leather,Green,Urban,Spring,Online,5890,
696,211,19,485,1,67,Chair,Wood,Black,Rural,Spring,Online,9215,
794,312,19,482,7,40,Chair,Wood,Brown,Urban,Spring,Retail,9158,
758,247,19,511,8,37,Chair,Wood,Brown,Suburban,Spring,Retail,9709,
712,217,19,495,8,29,Chair,Wood,Green,Suburban,Winter,Retail,9405,
589,281,19,308,0,85,Chair,Leather,Blue,Suburban,Fall,Retail,5852,
467,390,19,77,0,29,Chair,Fabric,Blue,Suburban,Spring,Retail,1463,
401,213,19,188,10,80,Chair,Plastic,Brown,Urban,Winter,Retail,3572,
930,225,20,705,1,29,Chair,Metal,Brown,Suburban,Spring,Online,14100,
634,379,20,255,5,27,Chair,Leather,Red,Rural,Fall,Online,5100,
572,290,20,282,10,25,Chair,Metal,White,Rural,Summer,Online,5640,
358,260,20,98,9,31,Chair,Fabric,White,Rural,Fall,Online,1960,
271,248,20,23,3,90,Chair,Fabric,Red,Rural,Fall,Online,460,
319,250,20,69,8,57,Chair,Wood,Blue,Rural,Summer,Retail,1380,
1017,977,20,40,8,58,Chair,Leather,Brown,Suburban,Spring,Retail,800,
774,293,20,481,3,59,Chair,Wood,Blue,Suburban,Winter,Retail,9620,
594,256,28,338,4,21,Chair,Metal,Red,Urban,Winter,Online,9464,
687,293,20,394,1,48,Chair,Wood,Green,Suburban,Fall,Retail,7880,
577,280,20,297,5,54,Chair,Fabric,Brown,Rural,Winter,Retail,5940,
469,236,20,233,5,38,Chair,Fabric,Blue,Rural,Summer,Retail,4660,
403,185,20,218,1,65,Chair,Fabric,White,Suburban,Fall,Retail,4360,
294,232,20,62,0,48,Chair,Leather,Brown,Rural,Fall,Retail,1240,
269,256,20,13,1,41,Chair,Leather,Black,Urban,Summer,Retail,260,
146,216,22,-70,0,57,Chair,Wood,Brown,Urban,Summer,Online,-1540,
689,260,22,429,2,35,Chair,Wood,Brown,Suburban,Spring,Online,9438,
641,278,22,363,6,23,Chair,Metal,White,Rural,Spring,Online,7986,
637,292,22,345,10,67,Chair,Wood,Green,Rural,Spring,Online,7590,
489,178,22,311,1,41,Chair,Leather,White,Rural,Spring,Online,6842,
579,442,22,137,1,54,Chair,Wood,Green,Suburban,Fall,Retail,3014,
408,212,22,196,1,55,Chair,Leather,Black,Suburban,Summer,Retail,4312,
311,258,22,53,7,56,Chair,Fabric,Red,Rural,Summer,Retail,1166,
817,313,23,504,4,44,Chair,Wood,Black,Suburban,Spring,Online,11592,
458,197,23,261,8,68,Chair,Leather,Black,Rural,Fall,Online,6003,
377,173,23,204,5,82,Chair,Wood,Red,Suburban,Winter,Online,4692,
987,458,23,529,3,72,Chair,Metal,White,Suburban,Summer,Retail,12167,
891,159,23,732,5,84,Chair,Fabric,White,Urban,Summer,Retail,16836,
726,487,23,239,7,45,Chair,Fabric,White,Suburban,Fall,Retail,5497,
601,237,23,364,9,79,Chair,Wood,Blue,Urban,Fall,Retail,8372,
510,443,23,67,10,84,Chair,Leather,White,Suburban,Spring,Retail,1541,
773,346,28,427,4,72,Chair,Metal,Green,Urban,Fall,Retail,11956,
331,245,24,86,4,87,Chair,Wood,Green,Urban,Summer,Online,2064,
329,286,24,43,7,33,Chair,Wood,Black,Urban,Winter,Online,1032,
794,489,24,305,9,67,Chair,Metal,White,Suburban,Fall,Online,7320,
557,274,24,283,7,84,Chair,Wood,Brown,Suburban,Winter,Online,6792,
555,228,24,327,10,40,Chair,Wood,Brown,Suburban,Spring,Online,7848,
503,244,24,259,1,84,Chair,Leather,Red,Urban,Summer,Online,6216,
496,230,24,266,2,69,Chair,Leather,Brown,Rural,Summer,Online,6384,
460,261,24,199,5,38,Chair,Leather,Green,Rural,Spring,Online,4776,
239,193,28,46,7,72,Chair,Metal,Blue,Suburban,Winter,Retail,1288,
797,578,24,219,4,48,Chair,Wood,Blue,Suburban,Summer,Retail,5256,
248,119,24,129,6,62,Chair,Wood,Brown,Suburban,Summer,Retail,3096,
568,464,24,104,1,42,Chair,Metal,Brown,Rural,Winter,Retail,2496,
711,260,24,451,1,83,Chair,Wood,White,Rural,Summer,Retail,10824,
491,328,24,163,5,49,Chair,Wood,Brown,Urban,Spring,Retail,3912,
346,284,24,62,9,67,Chair,Metal,White,Suburban,Winter,Retail,1488,
285,178,25,107,5,78,Chair,Wood,Red,Rural,Winter,Online,2675,
669,228,7,441,1,86,Desk,Glass,Green,Urban,Spring,Retail,12348,
784,323,25,461,5,70,Chair,Metal,Black,Suburban,Fall,Online,11525,
736,263,25,473,4,31,Chair,Wood,Blue,Rural,Summer,Online,11825,
701,162,25,539,6,61,Chair,Wood,Green,Suburban,Summer,Online,13475,
520,345,25,175,4,85,Chair,Wood,White,Suburban,Summer,Retail,4375,
495,269,25,226,5,32,Chair,Wood,Blue,Rural,Spring,Retail,5650,
300,274,25,26,6,50,Chair,Metal,Black,Rural,Fall,Retail,650,
578,294,26,284,7,34,Chair,Fabric,Blue,Rural,Spring,Online,7384,
562,442,26,120,10,71,Chair,Metal,Brown,Suburban,Winter,Online,3120,
544,231,6,313,2,86,Desk,Glass,Blue,Urban,Spring,Online,8764,
464,227,26,237,4,63,Chair,Leather,Green,Rural,Winter,Online,6162,
451,234,26,217,10,24,Chair,Leather,Black,Rural,Winter,Online,5642,
305,163,26,142,2,84,Chair,Fabric,Black,Suburban,Winter,Online,3692,
764,319,26,445,6,43,Chair,Fabric,Black,Suburban,Fall,Retail,11570,
668,382,26,286,4,30,Chair,Leather,Red,Rural,Winter,Retail,7436,
602,196,26,406,7,84,Chair,Wood,Black,Suburban,Fall,Retail,10556,
399,256,8,143,6,87,Desk,Glass,Green,Rural,Fall,Retail,4004,
547,278,26,269,5,59,Chair,Leather,Red,Rural,Winter,Retail,6994,
541,241,26,300,0,36,Chair,Leather,Black,Rural,Summer,Retail,7800,
323,260,26,63,10,55,Chair,Leather,Black,Suburban,Spring,Retail,1638,
701,283,6,418,4,37,Desk,Metal,Green,Urban,Winter,Online,11704,
764,311,27,453,9,26,Chair,Wood,Red,Urban,Winter,Online,12231,
704,297,27,407,8,45,Chair,Metal,Black,Urban,Spring,Online,10989,
392,297,27,95,0,31,Chair,Fabric,Green,Urban,Summer,Retail,2565,
616,225,8,391,1,76,Desk,Plastic,Red,Suburban,Spring,Retail,10948,
329,253,27,76,7,76,Chair,Plastic,Green,Suburban,Summer,Retail,2052,
480,316,28,164,2,65,Chair,Wood,Green,Suburban,Summer,Online,4592,
476,207,28,269,9,75,Chair,Wood,Green,Urban,Spring,Online,7532,
471,387,28,84,3,44,Chair,Plastic,White,Suburban,Winter,Online,2352,
380,255,28,125,5,55,Chair,Fabric,Red,Suburban,Spring,Online,3500,
373,292,28,81,4,90,Chair,Plastic,Black,Urban,Spring,Online,2268,
1276,221,6,1055,0,81,Desk,Glass,Blue,Suburban,Summer,Retail,28485,
738,437,28,301,9,43,Chair,Metal,Black,Suburban,Spring,Retail,8428,
730,380,28,350,6,45,Chair,Metal,Black,Suburban,Spring,Retail,9800,
724,290,28,434,8,57,Chair,Metal,Black,Rural,Summer,Retail,12152,
700,630,28,70,7,83,Chair,Leather,Black,Urban,Fall,Retail,1960,
602,274,28,328,4,73,Chair,Wood,Red,Urban,Winter,Retail,9184,
542,215,28,327,4,73,Chair,Wood,Brown,Suburban,Fall,Retail,9156,
483,161,28,322,2,60,Chair,Wood,Red,Urban,Fall,Retail,9016,
1025,407,5,618,2,52,Desk,Glass,Red,Urban,Spring,Retail,16686,
173,100,28,73,5,68,Chair,Plastic,Brown,Urban,Spring,Retail,2044,
693,286,29,407,0,30,Chair,Metal,Brown,Suburban,Fall,Online,11803,
899,379,29,520,10,56,Chair,Wood,Green,Suburban,Winter,Online,15080,
809,404,29,405,2,28,Chair,Metal,Black,Urban,Fall,Online,11745,
786,307,29,479,6,14,Chair,Fabric,Blue,Rural,Spring,Online,13891,
679,366,29,313,9,52,Chair,Wood,Blue,Rural,Summer,Online,9077,
1065,419,7,646,0,31,Desk,Metal,Blue,Rural,Winter,Online,17442,
541,319,26,222,2,78,Chair,Metal,Green,Suburban,Spring,Online,5772,
466,253,29,213,10,83,Chair,Leather,Blue,Rural,Spring,Online,6177,
671,309,29,362,10,78,Chair,Fabric,Green,Urban,Winter,Retail,10498,
544,156,29,388,3,38,Chair,Metal,White,Suburban,Fall,Retail,11252,
558,258,26,300,0,84,Chair,Metal,Red,Rural,Fall,Retail,7800,
296,277,29,19,2,46,Chair,Leather,White,Rural,Spring,Retail,551,
216,235,30,-19,4,30,Chair,Wood,Black,Rural,Winter,Online,-570,
795,307,30,488,1,63,Chair,Wood,Green,Urban,Winter,Online,14640,
271,188,26,83,7,33,Chair,Plastic,Red,Suburban,Winter,Retail,2158,
600,325,30,275,2,19,Chair,Leather,Brown,Suburban,Fall,Online,8250,
570,290,30,280,7,30,Chair,Metal,White,Rural,Winter,Online,8400,
507,239,30,268,10,23,Chair,Leather,Green,Suburban,Fall,Online,8040,
445,215,8,230,2,48,Desk,Glass,Green,Rural,Fall,Online,5980,
613,330,30,283,0,44,Chair,Fabric,Red,Rural,Spring,Retail,8490,
568,221,30,347,5,48,Chair,Wood,Green,Rural,Spring,Retail,10410,
439,171,30,268,6,68,Chair,Leather,White,Urban,Winter,Retail,8040,
648,262,31,386,1,54,Chair,Wood,Red,Urban,Fall,Online,11966,
615,221,31,394,2,63,Chair,Fabric,Green,Rural,Winter,Online,12214,
806,323,31,483,6,47,Chair,Fabric,White,Urban,Winter,Retail,14973,
147,172,32,-25,5,13,Chair,Fabric,Brown,Urban,Winter,Online,-800,
417,278,32,139,0,31,Chair,Wood,White,Rural,Summer,Online,4448,
645,158,32,487,6,81,Chair,Wood,Brown,Urban,Winter,Online,15584,
635,276,32,359,5,27,Chair,Fabric,Red,Rural,Fall,Online,11488,
581,476,32,105,3,48,Chair,Wood,White,Suburban,Spring,Online,3360,
324,240,32,84,8,57,Chair,Metal,Black,Urban,Spring,Online,2688,
746,380,32,366,2,88,Chair,Wood,Green,Urban,Fall,Retail,11712,
607,278,32,329,5,75,Chair,Wood,Blue,Rural,Winter,Retail,10528,
379,201,32,178,8,64,Chair,Metal,White,Urban,Summer,Retail,5696,
449,200,33,249,1,88,Chair,Leather,White,Rural,Winter,Online,8217,
664,261,33,403,2,74,Chair,Wood,Red,Urban,Spring,Retail,13299,
638,256,33,382,6,86,Chair,Metal,Brown,Suburban,Spring,Retail,12606,
349,182,33,167,0,64,Chair,Metal,Black,Rural,Summer,Retail,5511,
763,393,34,370,8,36,Chair,Wood,Red,Rural,Spring,Online,12580,
378,153,34,225,10,78,Chair,Wood,Green,Suburban,Summer,Online,7650,
497,216,34,281,10,34,Chair,Leather,White,Urban,Winter,Retail,9554,
618,234,35,384,7,72,Chair,Wood,Red,Suburban,Summer,Online,13440,
522,232,35,290,0,71,Chair,Leather,Brown,Suburban,Fall,Online,10150,
322,150,35,172,9,51,Chair,Fabric,Blue,Urban,Spring,Online,6020,
651,317,35,334,2,27,Chair,Wood,Black,Urban,Summer,Retail,11690,
549,241,35,308,5,80,Chair,Fabric,White,Urban,Spring,Retail,10780,
535,323,25,212,1,21,Chair,Metal,Blue,Rural,Spring,Online,5300,
575,278,36,297,6,72,Chair,Metal,Black,Urban,Summer,Online,10692,
389,158,36,231,3,60,Chair,Leather,Green,Suburban,Fall,Online,8316,
896,263,36,633,7,86,Chair,Wood,Red,Rural,Spring,Retail,22788,
529,266,36,263,8,35,Chair,Fabric,Green,Urban,Winter,Retail,9468,
513,290,36,223,10,52,Chair,Leather,Green,Urban,Spring,Retail,8028,
848,329,37,519,8,54,Chair,Fabric,Brown,Rural,Fall,Online,19203,
802,199,37,603,4,74,Chair,Wood,Black,Rural,Spring,Online,22311,
620,250,37,370,4,41,Chair,Metal,Brown,Urban,Winter,Online,13690,
791,331,7,460,2,73,Desk,Metal,Red,Urban,Summer,Online,11500,
213,197,37,16,2,72,Chair,Leather,Green,Urban,Winter,Online,592,
388,220,37,168,6,76,Chair,Fabric,Brown,Rural,Fall,Retail,6216,
884,210,37,674,6,77,Chair,Fabric,White,Urban,Summer,Retail,24938,
625,225,37,400,4,83,Chair,Leather,Brown,Urban,Winter,Retail,14800,
569,277,37,292,7,31,Chair,Fabric,Red,Rural,Summer,Retail,10804,
461,187,37,274,10,73,Chair,Leather,Red,Urban,Fall,Retail,10138,
368,195,37,173,5,37,Chair,Wood,Blue,Rural,Winter,Retail,6401,
889,511,38,378,7,29,Chair,Wood,Brown,Rural,Fall,Online,14364,
663,269,38,394,8,83,Chair,Metal,Black,Suburban,Spring,Online,14972,
273,242,38,31,9,73,Chair,Leather,Red,Urban,Winter,Online,1178,
588,411,38,177,0,39,Chair,Metal,Black,Urban,Fall,Retail,6726,
942,393,38,549,4,77,Chair,Wood,White,Rural,Winter,Retail,20862,
900,438,38,462,4,36,Chair,Wood,Red,Suburban,Fall,Retail,17556,
782,233,38,549,10,66,Chair,Wood,White,Rural,Summer,Retail,20862,
735,278,38,457,6,71,Chair,Fabric,Green,Rural,Summer,Retail,17366,
691,289,38,402,5,24,Chair,Fabric,Blue,Urban,Fall,Retail,15276,
538,195,38,343,2,55,Chair,Metal,Black,Urban,Fall,Retail,13034,
518,274,38,244,5,83,Chair,Leather,Red,Suburban,Fall,Retail,9272,
1157,401,6,756,4,50,Desk,Metal,Blue,Suburban,Summer,Retail,18900,
407,206,38,201,8,24,Chair,Leather,Blue,Rural,Winter,Retail,7638,
276,215,38,61,1,47,Chair,Leather,Black,Suburban,Summer,Retail,2318,
720,294,39,426,7,49,Chair,Wood,White,Urban,Summer,Online,16614,
573,270,39,303,5,34,Chair,Metal,White,Rural,Summer,Online,11817,
496,186,39,310,4,47,Chair,Wood,Green,Suburban,Winter,Online,12090,
492,252,39,240,2,29,Chair,Leather,White,Suburban,Spring,Online,9360,
234,902,39,-668,5,27,Chair,Leather,White,Rural,Winter,Retail,-26052,
897,363,39,534,2,64,Chair,Wood,Brown,Rural,Winter,Retail,20826,
819,495,39,324,5,86,Chair,Leather,White,Rural,Winter,Retail,12636,
673,307,39,366,7,79,Chair,Wood,Black,Suburban,Spring,Retail,14274,
612,208,39,404,5,69,Chair,Fabric,Brown,Rural,Fall,Retail,15756,
598,242,39,356,8,51,Chair,Metal,Black,Suburban,Fall,Retail,13884,
256,168,39,88,8,87,Chair,Wood,Green,Urban,Winter,Retail,3432,
781,199,40,582,5,50,Chair,Wood,Green,Suburban,Winter,Online,23280,
699,484,5,215,2,65,Desk,Glass,Blue,Rural,Fall,Online,5375,
519,215,40,304,5,64,Chair,Leather,Blue,Rural,Fall,Online,12160,
497,422,40,75,2,67,Chair,Fabric,Black,Urban,Fall,Retail,3000,
474,246,41,228,1,67,Chair,Wood,Black,Suburban,Summer,Online,9348,
324,155,24,169,6,76,Chair,Plastic,Red,Urban,Winter,Online,4056,
194,134,41,60,10,40,Chair,Leather,Green,Rural,Summer,Retail,2460,
326,221,42,105,1,58,Chair,Fabric,Blue,Urban,Winter,Online,4410,
639,236,42,403,0,65,Chair,Wood,White,Rural,Spring,Online,16926,
334,174,42,160,2,57,Chair,Plastic,White,Suburban,Spring,Online,6720,
315,262,42,53,2,82,Chair,Wood,Brown,Rural,Spring,Online,2226,
255,210,42,45,0,25,Chair,Leather,Red,Urban,Winter,Online,1890,
583,292,42,291,2,89,Chair,Leather,Green,Urban,Fall,Retail,12222,
619,211,8,408,0,43,Desk,Plastic,Green,Rural,Winter,Online,9792,
525,269,43,256,9,80,Chair,Leather,Brown,Rural,Spring,Online,11008,
542,242,44,300,6,38,Chair,Leather,Black,Suburban,Spring,Online,13200,
411,183,44,228,4,30,Chair,Leather,White,Suburban,Fall,Online,10032,
371,201,44,170,7,64,Chair,Metal,White,Urban,Fall,Online,7480,
1117,411,5,706,1,40,Desk,Glass,Green,Urban,Spring,Online,16944,
487,217,44,270,3,62,Chair,Leather,Blue,Urban,Summer,Retail,11880,
974,1094,45,-120,6,57,Chair,Fabric,Green,Urban,Summer,Online,-5400,
622,298,45,324,7,28,Chair,Wood,Red,Suburban,Fall,Retail,14580,
308,300,45,8,6,87,Chair,Fabric,Brown,Rural,Winter,Retail,360,
240,152,46,88,2,70,Chair,Plastic,Brown,Rural,Fall,Online,4048,
620,238,46,382,10,67,Chair,Wood,Red,Urban,Fall,Retail,17572,
288,278,46,10,2,56,Chair,Wood,White,Suburban,Summer,Retail,460,
455,154,47,301,8,61,Chair,Leather,Brown,Rural,Winter,Retail,14147,
647,254,48,393,4,12,Chair,Metal,Brown,Rural,Fall,Online,18864,
484,222,9,262,4,23,Desk,Metal,Green,Suburban,Spring,Online,6288,
426,181,24,245,4,5,Desk,Metal,Green,Rural,Spring,Online,5880,
717,322,49,395,7,64,Chair,Wood,White,Rural,Winter,Online,19355,
581,269,49,312,8,75,Chair,Wood,Brown,Suburban,Winter,Online,15288,
498,176,49,322,5,70,Chair,Wood,Blue,Urban,Spring,Retail,15778,
490,244,24,246,3,56,Desk,Metal,Green,Rural,Fall,Retail,5904,
471,250,59,221,5,56,Chair,Leather,White,Urban,Spring,Online,13039,
446,213,62,233,5,81,Chair,Leather,White,Suburban,Spring,Online,14446,
336,249,24,87,2,71,Desk,Plastic,Red,Rural,Winter,Retail,2088,
694,207,63,487,8,43,Chair,Wood,Red,Suburban,Winter,Online,30681,
381,171,63,210,1,62,Chair,Fabric,Blue,Urban,Fall,Online,13230,
1034,380,24,654,0,53,Desk,Glass,Green,Urban,Winter,Online,15696,
429,192,64,237,4,50,Chair,Fabric,Red,Rural,Fall,Online,15168,
311,203,65,108,6,49,Chair,Fabric,Brown,Suburban,Spring,Retail,7020,
548,204,66,344,10,83,Chair,Fabric,Brown,Rural,Winter,Online,22704,
281,195,68,86,2,48,Chair,Wood,Red,Urban,Winter,Online,5848,
435,166,68,269,1,84,Chair,Leather,Blue,Urban,Winter,Retail,18292,
196,117,69,79,4,72,Chair,Wood,Green,Suburban,Winter,Retail,5451,
501,303,73,198,1,61,Chair,Metal,Brown,Rural,Spring,Online,14454,
363,194,73,169,4,54,Chair,Wood,Blue,Suburban,Fall,Online,12337,
231,183,23,48,7,54,Chair,Metal,Red,Rural,Fall,Retail,1104,
514,266,76,248,7,42,Chair,Leather,White,Urban,Summer,Online,18848,
401,275,78,126,7,65,Chair,Plastic,Black,Suburban,Fall,Online,9828,
302,276,78,26,4,72,Chair,Wood,Green,Rural,Winter,Retail,2028,
682,293,80,389,3,72,Chair,Wood,White,Rural,Spring,Retail,31120,
865,317,85,548,0,29,Chair,Fabric,Black,Rural,Summer,Retail,46580,
524,263,86,261,6,88,Chair,Leather,Black,Suburban,Fall,Retail,22446,
164,154,88,10,2,51,Chair,Metal,Black,Suburban,Fall,Online,880,
160,146,88,14,1,85,Chair,Leather,White,Urban,Spring,Online,1232,
435,184,88,251,0,58,Chair,Leather,Black,Rural,Fall,Retail,22088,
414,224,88,190,9,39,Chair,Wood,Blue,Urban,Summer,Retail,16720,
196,169,90,27,3,42,Chair,Leather,White,Rural,Summer,Online,2430,
564,277,96,287,4,53,Chair,Fabric,Brown,Suburban,Winter,Retail,27552,
415,213,97,202,10,60,Chair,Leather,Green,Rural,Winter,Retail,19594,
996,414,23,582,5,65,Desk,Plastic,Green,Urban,Summer,Retail,13386,
205,162,98,43,9,81,Chair,Fabric,Brown,Urban,Summer,Retail,4214,
758,410,23,348,2,27,Desk,Plastic,Green,Suburban,Spring,Online,8004,
1032,223,1,809,3,66,Desk,Marble,Green,Rural,Winter,Retail,809,
317,210,2,107,3,62,Desk,Glass,Black,Urban,Summer,Online,214,
1266,417,2,849,3,39,Desk,Plastic,Black,Suburban,Summer,Online,1698,
947,380,23,567,2,50,Desk,Glass,Green,Urban,Summer,Online,13041,
1295,839,3,456,2,90,Desk,Wood,Blue,Urban,Winter,Retail,1368,
933,381,3,552,2,89,Desk,Plastic,Brown,Urban,Summer,Retail,1656,
585,299,4,286,2,75,Desk,Wood,Blue,Rural,Fall,Retail,1144,
844,335,4,509,2,59,Desk,Glass,White,Urban,Winter,Retail,2036,
788,346,5,442,2,88,Desk,Marble,Red,Rural,Summer,Online,2210,
630,399,6,231,2,73,Desk,Wood,Red,Rural,Summer,Online,1386,
471,436,6,35,2,86,Desk,Wood,White,Urban,Winter,Retail,210,
979,339,7,640,2,33,Desk,Metal,Black,Urban,Fall,Online,4480,
835,329,8,506,1,46,Desk,Plastic,White,Rural,Fall,Retail,4048,
560,255,23,305,1,27,Desk,Metal,Green,Urban,Fall,Retail,7015,
691,443,10,248,1,53,Desk,Metal,Brown,Suburban,Spring,Online,2480,
335,237,10,98,1,51,Desk,Metal,Black,Urban,Winter,Retail,980,
716,393,10,323,1,36,Desk,Wood,Brown,Suburban,Winter,Retail,3230,
1039,377,11,662,1,77,Desk,Glass,Black,Rural,Winter,Online,7282,
565,274,11,291,1,88,Desk,Wood,Red,Suburban,Summer,Retail,3201,
361,172,23,189,0,41,Desk,Plastic,Green,Urban,Spring,Online,4347,
1686,350,13,1336,1,69,Desk,Plastic,Brown,Rural,Fall,Retail,17368,
577,289,22,288,4,48,Desk,Metal,Green,Suburban,Fall,Retail,6336,
727,316,22,411,2,57,Desk,Glass,Red,Suburban,Summer,Retail,9042,
969,379,22,590,0,61,Desk,Metal,Red,Urban,Spring,Online,12980,
794,350,15,444,1,65,Desk,Metal,Brown,Rural,Winter,Retail,6660,
1123,418,15,705,1,51,Desk,Glass,Black,Urban,Winter,Retail,10575,
1034,403,22,631,6,48,Desk,Glass,Blue,Urban,Winter,Retail,13882,
853,470,16,383,1,83,Desk,Plastic,Black,Suburban,Spring,Retail,6128,
751,464,22,287,4,35,Desk,Glass,Green,Rural,Fall,Retail,6314,
562,290,22,272,2,53,Desk,Metal,Red,Suburban,Fall,Online,5984,
382,188,22,194,1,38,Desk,Plastic,Red,Urban,Spring,Online,4268,
925,443,20,482,4,63,Desk,Plastic,White,Suburban,Summer,Retail,9640,
545,299,20,246,4,37,Desk,Wood,Red,Suburban,Fall,Retail,4920,
838,345,22,493,0,63,Desk,Metal,Red,Suburban,Summer,Online,10846,
1002,188,22,814,4,32,Desk,Metal,Brown,Rural,Fall,Retail,17908,
790,317,23,473,4,60,Desk,Glass,White,Rural,Fall,Retail,10879,
457,159,24,298,4,24,Desk,Marble,Black,Suburban,Spring,Retail,7152,
735,458,25,277,0,40,Desk,Plastic,Brown,Rural,Winter,Retail,6925,
442,153,26,289,2,38,Desk,Metal,White,Suburban,Spring,Retail,7514,
911,376,26,535,1,75,Desk,Glass,White,Urban,Spring,Retail,13910,
391,155,27,236,3,37,Desk,Metal,White,Urban,Fall,Retail,6372,
796,210,28,586,4,50,Desk,Plastic,Brown,Urban,Spring,Online,16408,
393,179,22,214,0,45,Desk,Metal,Green,Suburban,Fall,Retail,4708,
754,228,31,526,2,37,Desk,Marble,Red,Urban,Spring,Online,16306,
451,256,33,195,3,36,Desk,Marble,Black,Urban,Summer,Online,6435,
1194,403,48,791,1,33,Desk,Metal,Black,Suburban,Summer,Retail,37968,
860,452,2,408,0,74,Desk,Wood,Brown,Suburban,Fall,Online,816,
568,223,2,345,1,57,Desk,Plastic,White,Suburban,Fall,Online,690,
1125,415,2,710,3,74,Desk,Glass,Black,Suburban,Fall,Online,1420,
1514,706,3,808,1,33,Desk,Wood,Green,Rural,Fall,Online,2424,
478,203,22,275,0,34,Desk,Plastic,Red,Rural,Spring,Retail,6050,
1508,982,5,526,0,25,Desk,Marble,White,Suburban,Summer,Online,2630,
521,312,7,209,0,36,Desk,Metal,White,Rural,Spring,Online,1463,
622,254,21,368,6,55,Desk,Plastic,Green,Urban,Spring,Online,7728,
1308,425,21,883,5,86,Desk,Glass,Blue,Suburban,Spring,Online,18543,
338,237,21,101,5,30,Desk,Metal,Blue,Rural,Spring,Retail,2121,
690,226,20,464,7,46,Chair,Metal,Blue,Suburban,Spring,Retail,9280,
943,246,12,697,3,90,Desk,Marble,White,Urban,Spring,Retail,8364,
415,287,13,128,2,51,Desk,Plastic,Black,Urban,Fall,Retail,1664,
775,604,13,171,3,63,Desk,Glass,White,Urban,Spring,Retail,2223,
600,164,13,436,3,33,Desk,Marble,Blue,Suburban,Summer,Retail,5668,
504,285,16,219,3,35,Desk,Marble,Black,Urban,Summer,Online,3504,
705,284,17,421,2,87,Desk,Glass,White,Urban,Winter,Retail,7157,
705,493,20,212,2,84,Desk,Glass,Blue,Suburban,Spring,Online,4240,
964,369,18,595,2,47,Desk,Plastic,Black,Suburban,Winter,Retail,10710,
757,299,19,458,3,39,Desk,Marble,Black,Urban,Summer,Online,8702,
1974,434,20,1540,5,53,Desk,Metal,Red,Suburban,Spring,Retail,30800,
248,195,20,53,1,44,Desk,Marble,Black,Rural,Spring,Retail,1060,
667,257,20,410,2,73,Desk,Metal,Black,Urban,Spring,Retail,8200,
625,299,21,326,1,80,Desk,Marble,Blue,Rural,Spring,Online,6846,
658,471,22,187,3,45,Desk,Metal,Brown,Rural,Fall,Retail,4114,
924,354,20,570,4,77,Desk,Metal,Green,Rural,Fall,Retail,11400,
858,436,24,422,1,26,Desk,Metal,Brown,Rural,Spring,Retail,10128,
409,183,25,226,1,78,Desk,Marble,Green,Urban,Fall,Online,5650,
841,363,20,478,2,27,Desk,Metal,Green,Rural,Summer,Online,9560,
583,235,25,348,1,36,Desk,Marble,White,Urban,Spring,Retail,8700,
502,258,26,244,1,76,Desk,Glass,White,Urban,Spring,Online,6344,
894,354,26,540,3,46,Desk,Wood,Green,Suburban,Fall,Retail,14040,
1370,160,26,1210,0,85,Desk,Wood,Brown,Rural,Fall,Retail,31460,
519,189,19,330,2,56,Desk,Plastic,Blue,Rural,Fall,Online,6270,
1230,417,28,813,3,34,Desk,Metal,Black,Rural,Summer,Online,22764,
1073,390,19,683,6,49,Desk,Metal,Red,Rural,Fall,Online,12977,
500,458,19,42,2,40,Desk,Glass,Green,Rural,Fall,Online,798,
800,278,54,522,2,41,Desk,Plastic,Black,Urban,Fall,Retail,28188,
1572,799,0,773,1,26,Desk,Plastic,Black,Rural,Summer,Online,0,
664,317,1,347,1,78,Desk,Metal,Black,Rural,Spring,Online,347,
748,386,1,362,2,81,Desk,Wood,Green,Urban,Fall,Online,362,
456,206,2,250,3,79,Desk,Wood,Red,Urban,Spring,Retail,500,
237,228,3,9,2,35,Desk,Plastic,White,Rural,Summer,Online,27,
261,255,19,6,2,88,Desk,Metal,Red,Rural,Spring,Online,114,
284,276,3,8,3,75,Desk,Plastic,Black,Suburban,Spring,Retail,24,
353,241,5,112,0,36,Desk,Wood,Black,Suburban,Winter,Online,560,
637,290,18,347,6,72,Chair,Metal,Red,Rural,Fall,Retail,6246,
636,242,18,394,3,53,Desk,Plastic,Red,Rural,Fall,Retail,7092,
234,241,17,-7,6,26,Chair,Metal,Blue,Urban,Winter,Online,-119,
1449,428,9,1021,0,37,Desk,Marble,Blue,Urban,Winter,Retail,9189,
739,295,10,444,0,70,Desk,Wood,Green,Urban,Summer,Online,4440,
791,237,10,554,0,29,Desk,Wood,Black,Rural,Winter,Online,5540,
567,493,17,74,2,28,Desk,Glass,Green,Urban,Spring,Retail,1258,
475,225,11,250,3,34,Desk,Metal,Brown,Urban,Spring,Online,2750,
548,249,13,299,3,29,Desk,Marble,Brown,Suburban,Fall,Retail,3887,
413,152,17,261,5,42,Desk,Glass,Red,Rural,Spring,Online,4437,
436,290,16,146,2,85,Desk,Marble,Red,Suburban,Fall,Retail,2336,
1969,434,17,1535,3,81,Desk,Wood,White,Rural,Fall,Retail,26095,
1132,405,19,727,2,64,Desk,Wood,Green,Rural,Summer,Online,13813,
556,391,22,165,3,79,Desk,Wood,White,Rural,Winter,Online,3630,
596,300,17,296,4,88,Desk,Glass,Red,Suburban,Spring,Online,5032,
799,344,22,455,1,76,Desk,Marble,Red,Rural,Fall,Retail,10010,
561,335,23,226,2,45,Desk,Marble,Green,Urban,Fall,Online,5198,
938,252,23,686,1,52,Desk,Marble,Red,Rural,Fall,Retail,15778,
596,478,17,118,2,24,Desk,Metal,Blue,Urban,Spring,Retail,2006,
848,462,25,386,3,54,Desk,Wood,Brown,Urban,Summer,Retail,9650,
463,289,17,174,0,57,Desk,Metal,Green,Urban,Summer,Online,2958,
587,456,28,131,0,85,Desk,Glass,White,Suburban,Spring,Online,3668,
292,282,29,10,2,60,Desk,Wood,Red,Rural,Winter,Online,290,
529,300,31,229,3,77,Desk,Wood,Green,Suburban,Fall,Online,7099,
799,335,31,464,3,75,Desk,Glass,Black,Urban,Fall,Online,14384,
920,264,31,656,1,66,Desk,Marble,Black,Urban,Fall,Retail,20336,
909,248,31,661,3,37,Desk,Metal,Brown,Rural,Spring,Retail,20491,
693,327,33,366,2,87,Desk,Wood,Black,Rural,Summer,Retail,12078,
699,213,40,486,1,85,Desk,Marble,Brown,Urban,Winter,Online,19440,
862,824,0,38,1,47,Desk,Marble,Brown,Suburban,Winter,Retail,0,
382,202,1,180,0,26,Desk,Wood,White,Suburban,Fall,Online,180,
382,296,16,86,9,37,Chair,Metal,Green,Urban,Spring,Online,1376,
1146,1142,2,4,3,51,Desk,Metal,Black,Rural,Spring,Retail,8,
548,398,4,150,3,36,Desk,Marble,Brown,Rural,Fall,Retail,600,
259,186,5,73,3,89,Desk,Plastic,Black,Suburban,Summer,Online,365,
876,441,7,435,3,61,Desk,Plastic,White,Urban,Fall,Online,3045,
681,219,8,462,0,88,Desk,Wood,Blue,Rural,Winter,Online,3696,
836,407,9,429,3,39,Desk,Plastic,White,Urban,Winter,Online,3861,
434,202,9,232,0,41,Desk,Wood,Green,Suburban,Winter,Retail,2088,
363,201,16,162,5,27,Chair,Plastic,Blue,Rural,Summer,Online,2592,
1444,335,9,1109,2,51,Desk,Wood,Blue,Rural,Fall,Retail,9981,
709,475,10,234,0,33,Desk,Plastic,Brown,Rural,Spring,Online,2340,
682,311,10,371,1,90,Desk,Wood,Green,Rural,Winter,Online,3710,
346,282,11,64,2,85,Desk,Wood,Red,Urban,Winter,Online,704,
967,378,11,589,1,65,Desk,Glass,Brown,Suburban,Fall,Retail,6479,
1067,891,12,176,1,72,Desk,Marble,White,Suburban,Spring,Online,2112,
632,447,16,185,0,49,Chair,Metal,Red,Suburban,Spring,Retail,2960,
419,235,16,184,6,30,Chair,Plastic,Green,Rural,Summer,Retail,2944,
518,182,16,336,1,54,Desk,Metal,Blue,Urban,Summer,Online,5376,
522,258,13,264,2,27,Desk,Glass,Black,Suburban,Winter,Retail,3432,
1003,329,16,674,2,55,Desk,Glass,Green,Suburban,Spring,Retail,10784,
963,383,16,580,4,35,Desk,Plastic,Blue,Urban,Fall,Online,9280,
812,229,15,583,1,65,Desk,Metal,Brown,Urban,Fall,Online,8745,
882,219,15,663,0,43,Desk,Metal,Black,Urban,Fall,Online,9945,
532,213,16,319,4,64,Desk,Plastic,Red,Rural,Winter,Retail,5104,
663,321,16,342,3,45,Desk,Wood,Black,Suburban,Summer,Online,5472,
664,499,16,165,1,81,Desk,Marble,Green,Rural,Spring,Retail,2640,
587,253,17,334,1,42,Desk,Wood,Blue,Suburban,Summer,Retail,5678,
570,312,18,258,1,27,Desk,Glass,Black,Suburban,Summer,Online,4644,
423,209,18,214,0,57,Desk,Marble,Brown,Suburban,Spring,Retail,3852,
1776,1011,19,765,3,60,Desk,Wood,White,Rural,Winter,Retail,14535,
521,236,21,285,0,30,Desk,Plastic,White,Suburban,Winter,Online,5985,
680,317,21,363,3,42,Desk,Marble,Red,Suburban,Fall,Online,7623,
611,219,16,392,1,43,Desk,Metal,Green,Suburban,Winter,Online,6272,
314,214,22,100,2,41,Desk,Plastic,Brown,Suburban,Fall,Retail,2200,
602,392,23,210,0,84,Desk,Glass,Black,Rural,Spring,Online,4830,
812,386,26,426,0,57,Desk,Glass,Brown,Urban,Fall,Online,11076,
749,278,26,471,1,41,Desk,Metal,White,Suburban,Fall,Online,12246,
775,491,26,284,3,40,Desk,Metal,Black,Suburban,Fall,Retail,7384,
527,348,26,179,2,53,Desk,Marble,White,Rural,Fall,Retail,4654,
719,417,27,302,3,26,Desk,Wood,Blue,Urban,Spring,Online,8154,
425,223,27,202,2,80,Desk,Wood,Brown,Urban,Fall,Retail,5454,
456,192,16,264,0,88,Desk,Plastic,Blue,Rural,Winter,Retail,4224,
913,223,28,690,3,35,Desk,Wood,Brown,Suburban,Fall,Retail,19320,
443,351,15,92,8,71,Chair,Plastic,Blue,Rural,Winter,Online,1380,
1026,206,31,820,0,88,Desk,Metal,Black,Rural,Winter,Retail,25420,
534,168,35,366,1,47,Desk,Metal,Black,Rural,Summer,Retail,12810,
683,253,2,430,6,51,Desk,Metal,Brown,Suburban,Summer,Retail,860,
639,286,2,353,6,66,Desk,Metal,White,Suburban,Spring,Retail,706,
821,441,3,380,6,33,Desk,Plastic,White,Suburban,Summer,Retail,1140,
381,290,4,91,6,52,Desk,Marble,Blue,Rural,Summer,Online,364,
1130,970,6,160,6,57,Desk,Marble,Blue,Urban,Summer,Online,960,
812,349,15,463,1,62,Desk,Metal,Green,Suburban,Spring,Online,6945,
256,238,15,18,3,82,Desk,Glass,Green,Rural,Winter,Online,270,
473,171,15,302,2,80,Desk,Plastic,Red,Rural,Summer,Retail,4530,
800,353,15,447,6,75,Desk,Plastic,Blue,Rural,Winter,Online,6705,
486,205,9,281,6,71,Desk,Wood,Green,Suburban,Spring,Online,2529,
1877,1177,9,700,6,70,Desk,Plastic,Black,Suburban,Spring,Retail,6300,
870,327,13,543,6,87,Desk,Marble,White,Rural,Fall,Online,7059,
1030,374,15,656,4,54,Desk,Plastic,Blue,Rural,Spring,Retail,9840,
673,480,15,193,6,51,Desk,Marble,Red,Rural,Summer,Retail,2895,
616,240,14,376,7,52,Chair,Metal,Green,Suburban,Summer,Online,5264,
977,852,19,125,6,33,Desk,Metal,Black,Rural,Summer,Retail,2375,
569,240,20,329,6,55,Desk,Marble,Brown,Rural,Winter,Online,6580,
821,360,14,461,1,40,Desk,Glass,Red,Suburban,Summer,Online,6454,
939,373,22,566,6,42,Desk,Metal,Black,Suburban,Winter,Online,12452,
1363,407,14,956,1,71,Desk,Plastic,Green,Rural,Summer,Online,13384,
860,440,24,420,6,21,Desk,Marble,Red,Rural,Summer,Online,10080,
845,449,24,396,6,30,Desk,Marble,Red,Urban,Spring,Online,9504,
419,236,24,183,6,69,Desk,Wood,Brown,Suburban,Fall,Retail,4392,
630,265,25,365,6,84,Desk,Marble,Blue,Suburban,Winter,Retail,9125,
822,331,25,491,6,65,Desk,Wood,Black,Urban,Winter,Retail,12275,
957,332,14,625,0,67,Desk,Plastic,Green,Suburban,Summer,Retail,8750,
1108,412,29,696,6,57,Desk,Marble,White,Rural,Winter,Retail,20184,
618,184,30,434,6,41,Desk,Wood,Brown,Urban,Fall,Retail,13020,
697,380,31,317,6,60,Desk,Marble,Blue,Suburban,Fall,Online,9827,
2848,1271,14,1577,2,39,Desk,Plastic,Blue,Rural,Summer,Retail,22078,
355,281,14,74,3,71,Desk,Metal,Blue,Rural,Winter,Online,1036,
614,273,36,341,6,85,Desk,Marble,Red,Suburban,Winter,Retail,12276,
926,227,37,699,6,52,Desk,Wood,Green,Suburban,Winter,Retail,25863,
525,382,14,143,3,29,Desk,Metal,Red,Rural,Spring,Online,2002,
2888,1269,14,1619,0,74,Desk,Glass,Blue,Urban,Spring,Online,22666,
417,226,0,191,5,36,Desk,Glass,White,Suburban,Winter,Online,0,
838,331,0,507,5,45,Desk,Wood,Blue,Rural,Summer,Online,0,
820,343,10,477,5,60,Desk,Wood,White,Urban,Fall,Retail,0,
338,157,1,181,5,51,Desk,Metal,White,Urban,Winter,Online,181,
460,166,4,294,5,31,Desk,Marble,Blue,Suburban,Summer,Online,1176,
855,255,13,600,9,30,Chair,Metal,Blue,Suburban,Winter,Online,7800,
698,340,13,358,2,67,Chair,Metal,Green,Urban,Winter,Online,4654,
636,237,5,399,5,89,Desk,Wood,Black,Urban,Fall,Retail,1995,
994,451,6,543,5,47,Desk,Marble,Green,Urban,Winter,Retail,3258,
1354,312,6,1042,5,88,Desk,Glass,Black,Rural,Fall,Retail,6252,
875,458,9,417,5,66,Desk,Glass,White,Urban,Summer,Retail,3753,
344,191,13,153,10,40,Chair,Plastic,Blue,Suburban,Fall,Online,1989,
854,480,11,374,5,38,Desk,Metal,White,Rural,Fall,Online,4114,
401,196,13,205,2,88,Chair,Metal,Red,Suburban,Winter,Retail,2665,
560,175,11,385,5,63,Desk,Marble,Blue,Rural,Fall,Retail,4235,
687,281,12,406,5,50,Desk,Marble,Brown,Urban,Winter,Online,4872,
682,529,14,153,5,67,Desk,Wood,Red,Urban,Summer,Online,2142,
660,374,14,286,5,87,Desk,Metal,Brown,Suburban,Summer,Retail,4004,
371,262,16,109,5,88,Desk,Wood,Blue,Urban,Spring,Online,1744,
590,273,13,317,1,49,Desk,Metal,Red,Rural,Winter,Online,4121,
655,251,18,404,5,54,Desk,Wood,Brown,Rural,Spring,Online,7272,
733,483,18,250,5,71,Desk,Wood,Red,Suburban,Spring,Retail,4500,
309,284,19,25,5,54,Desk,Wood,White,Rural,Winter,Online,475,
852,397,13,455,3,51,Desk,Metal,Blue,Urban,Fall,Retail,5915,
577,497,21,80,5,33,Desk,Wood,Green,Rural,Summer,Online,1680,
504,277,13,227,1,57,Desk,Metal,Red,Suburban,Winter,Online,2951,
777,542,12,235,10,62,Chair,Metal,Red,Urban,Winter,Online,2820,
538,247,22,291,5,31,Desk,Wood,Green,Urban,Spring,Online,6402,
907,341,22,566,5,41,Desk,Marble,Green,Rural,Summer,Online,12452,
326,229,23,97,5,58,Desk,Metal,Brown,Urban,Fall,Online,2231,
199,157,12,42,8,40,Chair,Metal,Blue,Suburban,Summer,Online,504,
720,323,24,397,5,43,Desk,Marble,White,Urban,Winter,Online,9528,
795,337,24,458,5,53,Desk,Glass,Brown,Suburban,Summer,Online,10992,
765,321,25,444,5,88,Desk,Wood,White,Rural,Summer,Online,11100,
792,339,25,453,5,8,Desk,Marble,Blue,Urban,Spring,Online,11325,
1086,1019,25,67,5,26,Desk,Glass,Brown,Rural,Winter,Retail,1675,
1303,423,26,880,5,45,Desk,Wood,Green,Rural,Summer,Online,22880,
610,257,29,353,5,60,Desk,Plastic,Black,Urban,Fall,Online,10237,
615,244,29,371,5,61,Desk,Marble,Brown,Urban,Winter,Online,10759,
768,324,29,444,5,82,Desk,Wood,Blue,Urban,Winter,Retail,12876,
1889,350,34,1539,5,69,Desk,Metal,White,Urban,Summer,Retail,52326,
918,464,1,454,4,80,Desk,Plastic,Black,Urban,Summer,Online,454,
1136,439,12,697,1,62,Desk,Metal,Red,Rural,Spring,Online,8364,
601,252,12,349,1,72,Desk,Metal,Blue,Rural,Winter,Retail,4188,
2943,1358,12,1585,3,74,Desk,Metal,Red,Rural,Fall,Retail,19020,
955,351,12,604,1,64,Desk,Metal,Red,Rural,Fall,Retail,7248,
399,166,9,233,4,32,Desk,Wood,Red,Rural,Fall,Retail,2097,
667,317,9,350,4,83,Desk,Metal,White,Suburban,Spring,Retail,3150,
683,322,9,361,4,76,Desk,Plastic,White,Rural,Winter,Retail,3249,
654,247,10,407,4,24,Desk,Marble,White,Rural,Fall,Online,4070,
534,441,11,93,3,54,Chair,Plastic,Green,Urban,Fall,Online,1023,
1284,421,10,863,4,24,Desk,Plastic,White,Rural,Winter,Retail,8630,
2505,1430,10,1075,4,62,Desk,Marble,Blue,Suburban,Spring,Retail,10750,
676,375,11,301,0,56,Chair,Metal,Red,Urban,Fall,Retail,3311,
1249,423,11,826,4,31,Desk,Wood,Green,Rural,Fall,Online,9086,
721,458,13,263,4,82,Desk,Glass,Brown,Suburban,Summer,Retail,3419,
991,363,13,628,4,89,Desk,Wood,Brown,Suburban,Summer,Retail,8164,
1968,1237,14,731,4,73,Desk,Wood,Blue,Urban,Summer,Online,10234,
536,276,14,260,4,34,Desk,Metal,White,Urban,Fall,Retail,3640,
571,250,11,321,1,71,Chair,Metal,Green,Urban,Fall,Retail,3531,
627,271,16,356,4,65,Desk,Marble,Black,Rural,Fall,Online,5696,
937,462,11,475,2,82,Desk,Glass,Green,Suburban,Winter,Online,5225,
321,241,11,80,2,72,Desk,Plastic,Blue,Suburban,Fall,Online,880,
671,428,11,243,5,70,Desk,Plastic,Blue,Rural,Spring,Retail,2673,
626,272,18,354,4,68,Desk,Metal,White,Urban,Spring,Online,6372,
816,461,18,355,4,64,Desk,Wood,Brown,Urban,Winter,Retail,6390,
478,181,18,297,4,46,Desk,Metal,White,Suburban,Winter,Retail,5346,
519,179,18,340,4,24,Desk,Wood,Blue,Rural,Winter,Retail,6120,
458,264,19,194,4,86,Desk,Wood,Red,Suburban,Fall,Online,3686,
641,484,20,157,4,87,Desk,Plastic,Black,Urban,Fall,Online,3140,
1120,330,11,790,4,89,Desk,Plastic,Blue,Suburban,Summer,Online,8690,
503,220,21,283,4,37,Desk,Plastic,White,Rural,Winter,Online,5943,
542,217,21,325,4,51,Desk,Wood,Brown,Urban,Spring,Online,6825,
818,166,21,652,4,53,Desk,Plastic,Brown,Rural,Winter,Online,13692,
410,159,22,251,4,31,Desk,Glass,Brown,Urban,Winter,Online,5522,
665,410,22,255,4,44,Desk,Metal,Black,Rural,Summer,Retail,5610,
876,331,11,545,1,55,Desk,Plastic,Blue,Suburban,Winter,Online,5995,
246,230,23,16,4,78,Desk,Metal,White,Suburban,Winter,Online,368,
897,416,23,481,4,61,Desk,Plastic,Black,Suburban,Spring,Online,11063,
844,335,23,509,4,41,Desk,Plastic,Brown,Rural,Summer,Online,11707,
879,399,23,480,4,86,Desk,Glass,White,Urban,Winter,Retail,11040,
1097,392,23,705,4,28,Desk,Glass,Brown,Suburban,Winter,Retail,16215,
538,250,11,288,1,53,Desk,Glass,Green,Rural,Summer,Retail,3168,
846,398,10,448,7,64,Chair,Metal,Red,Suburban,Summer,Online,4480,
781,299,25,482,4,34,Desk,Glass,Brown,Suburban,Fall,Retail,12050,
827,209,10,618,3,30,Desk,Glass,Red,Suburban,Spring,Online,6180,
527,287,27,240,4,60,Desk,Glass,Black,Rural,Spring,Online,6480,
1831,432,27,1399,4,88,Desk,Wood,White,Rural,Spring,Online,37773,
540,251,27,289,4,33,Desk,Wood,Black,Rural,Winter,Retail,7803,
913,349,27,564,4,61,Desk,Wood,Blue,Suburban,Summer,Retail,15228,
808,360,10,448,5,38,Desk,Metal,Red,Rural,Winter,Retail,4480,
801,338,28,463,4,72,Desk,Metal,White,Rural,Summer,Online,12964,
377,257,29,120,4,45,Desk,Glass,Brown,Urban,Winter,Online,3480,
611,290,29,321,4,28,Desk,Marble,Red,Urban,Winter,Retail,9309,
480,192,33,288,4,82,Desk,Marble,White,Rural,Winter,Retail,9504,
478,273,37,205,4,85,Desk,Glass,Brown,Urban,Summer,Retail,7585,
416,233,10,183,4,54,Desk,Glass,Green,Urban,Fall,Online,1830,1
755,300,1,455,3,53,Desk,Marble,Red,Suburban,Winter,Online,455,3
1250,1161,1,89,3,80,Desk,Wood,Black,Urban,Spring,Retail,89,1
605,210,2,395,3,31,Desk,Marble,Blue,Rural,Summer,Retail,790,0
606,394,4,212,3,62,Desk,Metal,White,Urban,Fall,Online,848,3
433,212,4,221,3,50,Desk,Wood,Black,Urban,Winter,Retail,884,3
991,783,5,208,3,79,Desk,Marble,Green,Rural,Winter,Online,1040,3
536,426,5,110,3,84,Desk,Wood,Red,Rural,Fall,Online,550,3
693,247,5,446,3,47,Desk,Plastic,Brown,Urban,Spring,Retail,2230,3
713,303,6,410,3,67,Desk,Plastic,White,Rural,Spring,Online,2460,3
814,207,10,607,2,50,Desk,Metal,Blue,Suburban,Spring,Online,6070,0
653,497,7,156,3,70,Desk,Wood,Brown,Rural,Summer,Retail,1092,1
407,200,9,207,9,50,Chair,Metal,Green,Urban,Winter,Online,1863,2
576,424,8,152,3,59,Desk,Metal,Black,Urban,Fall,Retail,1216,3
652,174,8,478,3,60,Desk,Metal,Black,Urban,Spring,Retail,3824,2
875,214,8,661,3,72,Desk,Glass,White,Rural,Fall,Retail,5288,1
336,212,9,124,3,35,Chair,Plastic,Green,Suburban,Winter,Retail,1116,2
945,363,9,582,3,83,Desk,Glass,Brown,Rural,Winter,Online,5238,1
543,228,10,315,3,56,Desk,Plastic,Brown,Rural,Winter,Online,3150,3
867,378,10,489,3,68,Desk,Glass,Brown,Rural,Summer,Retail,4890,0
870,348,11,522,3,70,Desk,Marble,Black,Urban,Winter,Online,5742,0
524,496,11,28,3,42,Desk,Marble,Red,Suburban,Fall,Retail,308,3
428,244,12,184,3,29,Desk,Marble,White,Urban,Winter,Online,2208,3
366,175,13,191,3,36,Desk,Glass,Black,Urban,Winter,Online,2483,2
544,270,9,274,1,89,Desk,Metal,Blue,Urban,Summer,Retail,2466,2
663,497,9,166,1,60,Desk,Metal,Green,Suburban,Fall,Retail,1494,3
545,243,14,302,3,73,Desk,Wood,White,Suburban,Spring,Online,4228,3
547,235,9,312,0,26,Desk,Metal,Blue,Urban,Fall,Retail,2808,0
870,344,16,526,3,36,Desk,Plastic,Black,Suburban,Winter,Online,8416,3
964,200,16,764,3,53,Desk,Metal,Black,Urban,Winter,Online,12224,0
538,419,17,119,3,52,Desk,Metal,Brown,Rural,Fall,Online,2023,2
807,230,20,577,3,84,Desk,Wood,Green,Urban,Winter,Retail,11540,0
1314,158,20,1156,3,81,Desk,Metal,Brown,Suburban,Fall,Retail,23120,3
806,443,21,363,3,71,Desk,Glass,Black,Rural,Spring,Online,7623,2
728,396,9,332,3,68,Desk,Metal,Blue,Rural,Fall,Online,2988,1
1505,1246,25,259,3,77,Desk,Glass,Black,Urban,Spring,Retail,6475,3
304,225,25,79,3,66,Desk,Wood,Brown,Suburban,Fall,Retail,1975,0
670,416,25,254,3,58,Desk,Wood,Brown,Urban,Winter,Retail,6350,3
625,244,26,381,3,86,Desk,Glass,White,Urban,Winter,Retail,9906,1
666,303,29,363,3,67,Desk,Marble,Red,Urban,Summer,Online,10527,1
460,221,9,239,2,87,Desk,Metal,Blue,Urban,Fall,Retail,2151,0
782,387,30,395,3,65,Desk,Plastic,White,Suburban,Fall,Retail,11850,3
537,327,9,210,0,78,Desk,Glass,Blue,Rural,Fall,Online,1890,0
912,344,38,568,3,64,Desk,Wood,Red,Rural,Spring,Online,21584,3
476,262,8,214,4,33,Chair,Metal,Green,Suburban,Winter,Online,1712,3
779,266,44,513,3,59,Desk,Marble,Brown,Suburban,Winter,Online,22572,3
869,441,0,428,2,82,Desk,Metal,Black,Urban,Fall,Online,0,3
1107,406,0,701,2,26,Desk,Wood,Red,Suburban,Summer,Retail,0,1
343,235,8,108,10,78,Chair,Plastic,Green,Rural,Winter,Online,864,0
673,745,8,-72,5,46,Chair,Metal,Red,Urban,Spring,Retail,-576,1
285,202,8,83,10,26,Chair,Metal,Blue,Rural,Winter,Retail,664,2
752,325,8,427,1,39,Desk,Glass,Green,Urban,Summer,Online,3416,0
772,346,8,426,6,37,Desk,Plastic,Green,Suburban,Spring,Online,3408,1
896,328,5,568,2,58,Desk,Metal,Brown,Suburban,Summer,Retail,2840,1
1049,432,8,617,6,77,Desk,Metal,Blue,Suburban,Fall,Retail,4936,2
2540,925,6,1615,2,48,Desk,Wood,Brown,Rural,Winter,Retail,9690,2
937,368,8,569,4,69,Desk,Glass,Red,Urban,Spring,Online,4552,2
624,257,9,367,2,72,Desk,Wood,Green,Suburban,Fall,Online,3303,0
975,441,9,534,2,51,Desk,Metal,Brown,Suburban,Spring,Online,4806,3
443,216,9,227,2,48,Desk,Plastic,White,Urban,Spring,Retail,2043,3
505,245,8,260,4,47,Desk,Glass,Red,Rural,Summer,Retail,2080,0
415,285,10,130,2,56,Desk,Glass,Brown,Urban,Winter,Online,1300,2
457,231,10,226,2,26,Desk,Wood,Red,Urban,Winter,Online,2260,0
1095,386,8,709,4,48,Desk,Plastic,Red,Urban,Fall,Retail,5672,0
939,379,10,560,2,84,Desk,Metal,Brown,Suburban,Winter,Retail,5600,3
588,229,13,359,2,67,Desk,Plastic,Black,Rural,Spring,Online,4667,3
539,350,16,189,2,32,Desk,Wood,Blue,Suburban,Spring,Online,3024,0
930,360,16,570,2,65,Desk,Wood,Red,Rural,Spring,Online,9120,2
944,384,16,560,2,62,Desk,Marble,Blue,Rural,Winter,Retail,8960,2
1086,398,17,688,2,43,Desk,Marble,Black,Rural,Fall,Online,11696,1
533,207,8,326,2,50,Desk,Glass,Blue,Urban,Spring,Retail,2608,1
565,303,8,262,1,82,Dining Table,Glass,Green,Urban,Winter,Retail,2096,2
626,266,7,360,1,77,Desk,Glass,Blue,Urban,Fall,Online,2520,0
757,357,19,400,2,39,Desk,Marble,Brown,Urban,Winter,Online,7600,2
642,494,20,148,2,26,Desk,Glass,Brown,Rural,Fall,Online,2960,1
855,469,7,386,1,50,Desk,Metal,Red,Rural,Fall,Online,2702,3
756,217,20,539,2,54,Desk,Wood,Black,Suburban,Winter,Retail,10780,1
602,251,21,351,2,52,Desk,Marble,Red,Suburban,Winter,Online,7371,1
717,228,21,489,2,80,Desk,Marble,Brown,Rural,Spring,Online,10269,2
585,216,7,369,3,48,Desk,Metal,Red,Urban,Fall,Retail,2583,2
702,184,22,518,2,31,Desk,Plastic,Brown,Urban,Summer,Online,11396,1
507,255,23,252,2,41,Desk,Marble,Blue,Rural,Winter,Online,5796,2
503,206,7,297,6,29,Desk,Metal,Green,Suburban,Fall,Online,2079,1
517,227,7,290,3,38,Desk,Plastic,Blue,Rural,Spring,Retail,2030,2
558,255,24,303,2,41,Desk,Wood,White,Suburban,Winter,Online,7272,3
220,191,7,29,1,70,Desk,Plastic,Green,Suburban,Summer,Online,203,1
911,193,24,718,2,84,Desk,Wood,Black,Urban,Fall,Retail,17232,0
1121,445,7,676,1,77,Desk,Glass,Red,Suburban,Spring,Online,4732,1
384,204,25,180,2,86,Desk,Wood,Brown,Urban,Summer,Online,4500,1
1103,429,25,674,2,40,Desk,Glass,Black,Urban,Spring,Retail,16850,3
1063,206,26,857,2,83,Desk,Glass,Brown,Suburban,Summer,Online,22282,2
799,242,26,557,2,66,Desk,Wood,Blue,Rural,Winter,Retail,14482,0
1151,405,6,746,6,34,Desk,Metal,Green,Urban,Summer,Online,4476,0
1076,485,28,591,2,46,Desk,Wood,Black,Rural,Spring,Online,16548,1
703,250,28,453,2,28,Desk,Marble,Red,Rural,Fall,Retail,12684,1
1022,409,29,613,2,50,Desk,Marble,White,Rural,Winter,Retail,17777,2
629,275,0,354,1,24,Desk,Wood,Red,Urban,Summer,Online,0,2
1616,430,0,1186,1,39,Desk,Wood,Red,Suburban,Winter,Online,0,1
623,208,6,415,3,57,Desk,Plastic,Red,Rural,Spring,Retail,2490,0
518,456,1,62,1,77,Desk,Metal,Black,Suburban,Winter,Online,62,3
637,281,2,356,1,78,Desk,Marble,Green,Rural,Winter,Retail,712,3
712,376,5,336,1,65,Desk,Wood,White,Urban,Fall,Online,1680,
1241,328,5,913,1,59,Desk,Metal,Black,Suburban,Winter,Retail,4565,2
534,498,6,36,1,50,Desk,Glass,Black,Urban,Fall,Online,216,1
332,157,6,175,1,30,Desk,Wood,Green,Suburban,Spring,Retail,1050,0
569,299,6,270,2,80,Desk,Plastic,Red,Rural,Spring,Retail,1620,1
564,204,6,360,1,86,Desk,Metal,Red,Suburban,Winter,Retail,2160,3
979,220,6,759,0,35,Desk,Metal,Blue,Suburban,Spring,Online,4554,2
833,368,7,465,1,68,Desk,Marble,Brown,Urban,Winter,Retail,3255,3
2784,1382,10,1402,1,29,Desk,Wood,Brown,Urban,Winter,Retail,14020,3
662,231,11,431,1,68,Desk,Wood,Brown,Urban,Fall,Online,4741,0
893,292,4,601,2,52,Desk,Plastic,Green,Suburban,Winter,Online,2404,2
435,335,3,100,9,75,Chair,Metal,Red,Suburban,Fall,Online,500,0
529,256,12,273,1,35,Desk,Marble,Red,Urban,Fall,Online,3276,0
934,227,12,707,1,34,Desk,Wood,Brown,Suburban,Fall,Online,8484,3
629,252,12,377,1,24,Desk,Glass,White,Urban,Winter,Retail,4524,3
934,343,12,591,1,81,Desk,Marble,Blue,Suburban,Fall,Retail,7092,2
657,478,3,179,5,70,Desk,Glass,Green,Suburban,Winter,Online,895,2
649,279,3,370,5,46,Desk,Plastic,Red,Rural,Fall,Online,1850,1
1008,369,13,639,1,67,Desk,Metal,White,Rural,Summer,Retail,8307,2
1437,428,13,1009,1,58,Desk,Plastic,Brown,Rural,Summer,Retail,13117,1
1713,364,13,1349,1,56,Desk,Marble,Blue,Suburban,Summer,Retail,17537,0
286,226,14,60,1,90,Desk,Marble,Brown,Rural,Fall,Online,840,1
585,260,15,325,1,76,Desk,Glass,White,Rural,Fall,Online,4875,0
742,331,15,411,1,75,Desk,Metal,White,Urban,Winter,Retail,6165,0
498,179,3,319,0,48,Desk,Plastic,Red,Suburban,Summer,Online,1595,0
245,209,19,36,1,49,Desk,Metal,Black,Suburban,Summer,Retail,684,2
900,448,19,452,1,57,Desk,Marble,Brown,Suburban,Winter,Retail,8588,2
481,480,20,1,1,82,Desk,Metal,White,Rural,Fall,Online,20,3
1995,383,20,1612,1,70,Desk,Plastic,White,Rural,Fall,Retail,32240,3
765,316,3,449,0,46,Desk,Metal,Green,Suburban,Winter,Online,1347,1
681,279,3,402,5,73,Desk,Metal,Red,Suburban,Spring,Online,1206,2
975,388,23,587,1,57,Desk,Wood,Blue,Rural,Fall,Retail,13501,3
983,398,26,585,1,41,Desk,Plastic,Brown,Rural,Spring,Online,15210,0
556,267,28,289,1,59,Desk,Glass,Brown,Urban,Fall,Online,8092,0
1114,1008,3,106,2,68,Desk,Glass,Red,Suburban,Fall,Retail,318,1
468,226,29,242,1,30,Desk,Wood,Red,Urban,Fall,Online,7018,1
833,411,29,422,1,78,Desk,Wood,Blue,Suburban,Fall,Retail,12238,0
1549,222,33,1327,1,30,Desk,Metal,Brown,Suburban,Winter,Online,43791,1
662,484,3,178,0,31,Desk,Metal,Red,Rural,Fall,Online,534,1
2967,1356,3,1611,0,40,Desk,Plastic,Blue,Urban,Summer,Retail,4833,1
413,335,2,78,4,57,Chair,Metal,Blue,Suburban,Spring,Retail,312,3
978,399,37,579,1,63,Desk,Plastic,White,Suburban,Winter,Online,21423,1
459,240,50,219,1,64,Desk,Wood,Blue,Suburban,Spring,Retail,10950,2
503,223,2,280,0,80,Chair,Metal,Green,Urban,Winter,Retail,1120,2
546,217,2,329,10,35,Chair,Metal,Red,Rural,Spring,Retail,1316,0
449,159,2,290,6,90,Chair,Metal,Blue,Rural,Summer,Retail,1160,3
630,252,1,378,0,37,Desk,Glass,Brown,Urban,Spring,Online,378,2
1961,1377,2,584,2,36,Desk,Glass,Red,Urban,Summer,Online,2336,1
348,270,2,78,2,38,Desk,Plastic,Blue,Rural,Summer,Retail,234,1
544,424,3,120,0,89,Desk,Metal,Black,Rural,Summer,Retail,360,0
658,244,3,414,0,62,Desk,Wood,Red,Urban,Winter,Retail,1242,3
860,337,3,523,0,76,Desk,Marble,Red,Suburban,Summer,Retail,1569,0
879,393,2,486,10,60,Chair,Metal,Red,Rural,Winter,Online,972,2
511,307,4,204,0,30,Desk,Wood,Red,Suburban,Summer,Online,816,1
919,482,4,437,0,28,Desk,Wood,Green,Urban,Winter,Online,1748,1
687,314,2,373,8,86,Chair,Metal,Red,Urban,Spring,Online,746,2
605,267,5,338,0,26,Desk,Glass,Brown,Suburban,Spring,Retail,1690,1
508,348,2,160,4,89,Chair,Metal,Blue,Rural,Spring,Retail,320,2
921,272,7,649,0,76,Desk,Wood,Blue,Rural,Winter,Online,4543,1
444,227,2,217,7,72,Chair,Metal,Red,Suburban,Fall,Retail,434,0
722,312,11,410,0,40,Desk,Metal,Brown,Urban,Spring,Online,4510,3
898,434,12,464,0,57,Desk,Glass,Brown,Suburban,Winter,Online,5568,3
479,392,14,87,0,42,Desk,Marble,White,Rural,Winter,Online,1218,3
666,268,14,398,0,72,Desk,Marble,White,Suburban,Fall,Online,5572,3
808,498,2,310,3,67,Desk,Glass,Red,Urban,Winter,Online,620,1
521,187,15,334,0,74,Desk,Marble,White,Urban,Summer,Online,5010,0
721,287,15,434,0,88,Desk,Glass,Black,Rural,Winter,Retail,6510,2
830,185,15,645,0,55,Desk,Plastic,Brown,Urban,Fall,Retail,9675,
1125,410,16,715,0,55,Desk,Metal,White,Suburban,Winter,Online,11440,
662,321,2,341,2,43,Desk,Metal,Green,Urban,Fall,Online,682,
1895,388,16,1507,0,31,Desk,Marble,Red,Rural,Winter,Retail,24112,
864,281,1,583,3,90,Desk,Glass,Blue,Rural,Winter,Online,2332,
1206,1058,17,148,0,27,Desk,Plastic,Black,Rural,Summer,Online,2516,
465,290,17,175,0,86,Desk,Plastic,White,Suburban,Summer,Retail,2975,
488,238,18,250,0,44,Desk,Marble,Red,Suburban,Fall,Online,4500,
437,177,18,260,0,30,Desk,Wood,White,Urban,Fall,Retail,4680,
740,329,19,411,0,60,Desk,Marble,Red,Rural,Spring,Retail,7809,
893,455,1,438,4,46,Desk,Metal,Red,Suburban,Spring,Online,1752,
225,216,1,9,2,70,Desk,Metal,Green,Urban,Winter,Online,36,
610,332,1,278,3,45,Desk,Plastic,Red,Suburban,Spring,Retail,278,
1034,389,22,645,0,42,Desk,Glass,Black,Urban,Spring,Retail,14190,
1538,429,1,1109,1,53,Desk,Plastic,Blue,Suburban,Winter,Retail,1109,
532,189,24,343,0,33,Desk,Plastic,White,Urban,Fall,Online,8232,
663,305,1,358,0,68,Desk,Metal,Blue,Rural,Winter,Retail,358,
801,902,24,-101,0,52,Desk,Wood,White,Urban,Fall,Retail,-2424,
673,299,25,374,0,74,Desk,Plastic,Black,Rural,Summer,Online,9350,
617,270,26,347,0,72,Desk,Wood,Black,Urban,Winter,Online,9022,
678,467,26,211,0,78,Desk,Wood,Red,Suburban,Winter,Retail,5486,
320,375,0,-55,5,88,Chair,Metal,Red,Urban,Summer,Retail,0,
785,219,29,566,0,59,Desk,Plastic,White,Suburban,Winter,Online,16414,
920,248,31,672,0,44,Desk,Wood,Red,Rural,Fall,Retail,20832,
704,286,34,418,0,58,Desk,Metal,White,Urban,Summer,Retail,14212,
1154,177,35,977,0,48,Desk,Glass,Brown,Urban,Spring,Retail,34195,
739,236,36,503,0,87,Desk,Metal,Brown,Rural,Summer,Retail,18108,
1379,330,0,1049,1,66,Desk,Plastic,Red,Urban,Summer,Retail,0,
539,444,0,95,0,31,Desk,Glass,Green,Suburban,Fall,Online,0,
539,269,46,270,0,88,Desk,Glass,Black,Rural,Winter,Retail,12420,
996,982,47,14,0,51,Desk,Glass,Black,Suburban,Winter,Online,658,
1232,197,0,1035,0,53,Desk,Glass,Green,Suburban,Summer,Online,0,
442,299,0,143,3,59,Dining Table,Metal,White,Suburban,Spring,Retail,0,
1280,485,1,795,3,90,Dining Table,Metal,Black,Suburban,Winter,Retail,795,
541,446,2,95,3,26,Dining Table,Wood,Brown,Urban,Winter,Online,190,
448,177,2,271,3,45,Dining Table,Marble,Black,Rural,Spring,Online,542,
601,155,2,446,3,89,Dining Table,Marble,Black,Urban,Spring,Retail,892,
1231,1089,13,142,3,68,Dining Table,Glass,Brown,Suburban,Fall,Online,426,
329,284,3,45,2,25,Dining Table,Glass,Black,Rural,Summer,Online,135,
820,433,4,387,2,37,Dining Table,Glass,Black,Urban,Fall,Retail,1548,
499,258,5,241,2,73,Dining Table,Wood,White,Urban,Winter,Online,1205,
451,152,5,299,2,33,Dining Table,Marble,Black,Rural,Fall,Online,1495,
567,240,5,327,2,25,Dining Table,Wood,Black,Rural,Fall,Online,1635,
1203,295,5,908,2,78,Dining Table,Glass,White,Urban,Fall,Online,4540,
838,357,5,481,2,69,Dining Table,Metal,White,Rural,Summer,Retail,2405,
642,310,6,332,2,27,Dining Table,Metal,White,Urban,Fall,Retail,1992,
771,166,6,605,2,42,Dining Table,Glass,White,Urban,Winter,Retail,3630,
616,245,10,371,1,78,Dining Table,Wood,Brown,Suburban,Winter,Online,3710,
822,324,11,498,1,60,Dining Table,Metal,Black,Urban,Summer,Online,5478,
469,310,12,159,1,42,Dining Table,Glass,Brown,Rural,Summer,Online,1908,
824,283,12,541,1,74,Dining Table,Marble,Black,Suburban,Winter,Retail,6492,
318,264,16,54,2,68,Dining Table,Marble,Brown,Rural,Fall,Retail,864,
592,274,16,318,2,31,Dining Table,Metal,Black,Rural,Winter,Retail,5088,
981,403,16,578,2,90,Dining Table,Marble,Black,Urban,Fall,Retail,9248,
455,228,17,227,2,68,Dining Table,Glass,White,Suburban,Winter,Online,3859,
590,238,17,352,2,34,Dining Table,Glass,White,Rural,Fall,Retail,5984,
956,420,19,536,2,67,Dining Table,Metal,Black,Urban,Winter,Retail,10184,
605,441,20,164,4,72,Dining Table,Glass,Brown,Rural,Winter,Retail,3280,
621,363,23,258,4,68,Dining Table,Metal,White,Rural,Fall,Online,5934,
699,301,23,398,4,47,Dining Table,Glass,Brown,Urban,Summer,Online,9154,
680,205,24,475,4,76,Dining Table,Wood,Brown,Suburban,Spring,Retail,11400,
839,399,24,440,4,47,Dining Table,Wood,Black,Rural,Winter,Retail,10560,
1139,364,24,775,2,70,Dining Table,Wood,White,Rural,Fall,Retail,18600,
1045,467,25,578,1,77,Dining Table,Glass,Brown,Suburban,Winter,Online,14450,
456,215,25,241,3,62,Dining Table,Wood,White,Urban,Winter,Retail,6025,
724,352,25,372,2,54,Dining Table,Glass,White,Urban,Fall,Retail,9300,
1134,1003,26,131,1,85,Dining Table,Metal,White,Suburban,Spring,Retail,3406,
231,205,27,26,2,53,Dining Table,Marble,Brown,Rural,Winter,Retail,702,
351,157,27,194,3,73,Dining Table,Glass,Brown,Urban,Summer,Retail,5238,
549,240,27,309,1,70,Dining Table,Wood,Black,Suburban,Spring,Retail,8343,
893,475,27,418,2,77,Dining Table,Wood,Black,Urban,Summer,Retail,11286,
327,197,28,130,1,27,Dining Table,Glass,Brown,Suburban,Summer,Online,3640,
642,234,28,408,3,32,Dining Table,Wood,Black,Rural,Spring,Online,11424,
691,461,29,230,1,40,Dining Table,Glass,White,Rural,Summer,Online,6670,
1005,262,29,743,2,53,Dining Table,Marble,White,Rural,Summer,Online,21547,
549,196,30,353,1,26,Dining Table,Marble,White,Rural,Spring,Online,10590,
765,154,30,611,3,47,Dining Table,Metal,Brown,Rural,Summer,Online,18330,
1208,186,31,1022,2,78,Dining Table,Marble,Brown,Suburban,Fall,Retail,31682,
472,223,38,249,1,50,Dining Table,Marble,Black,Suburban,Fall,Retail,9462,
1117,399,0,718,1,73,Dining Table,Glass,White,Urban,Summer,Online,0,
791,290,0,501,2,50,Dining Table,Glass,White,Urban,Summer,Retail,0,
716,281,1,435,2,24,Dining Table,Marble,White,Suburban,Winter,Online,435,
1060,162,1,898,2,49,Dining Table,Metal,White,Rural,Fall,Retail,898,
792,258,2,534,2,33,Dining Table,Metal,Black,Urban,Summer,Retail,1068,
936,346,2,590,2,44,Dining Table,Wood,Brown,Urban,Fall,Retail,1180,
571,292,4,279,0,69,Dining Table,Marble,White,Urban,Fall,Online,1116,
314,216,6,98,3,80,Dining Table,Wood,White,Urban,Spring,Retail,588,
489,211,7,278,3,73,Dining Table,Metal,Brown,Rural,Summer,Online,1946,
660,319,7,341,0,64,Dining Table,Metal,White,Rural,Summer,Online,2387,
753,158,7,595,3,41,Dining Table,Marble,Black,Suburban,Spring,Online,4165,
948,970,8,-22,0,89,Dining Table,Wood,White,Suburban,Fall,Online,-176,
952,372,8,580,2,67,Dining Table,Wood,Black,Rural,Fall,Online,4640,
824,225,9,599,3,41,Dining Table,Glass,Brown,Urban,Winter,Retail,5391,
3587,983,10,2604,1,62,Dining Table,Wood,White,Rural,Fall,Online,26040,
543,496,10,47,3,79,Dining Table,Marble,White,Urban,Summer,Retail,470,
1198,1081,12,117,3,80,Dining Table,Marble,Brown,Rural,Summer,Retail,1404,
657,190,12,467,3,63,Dining Table,Wood,Black,Urban,Summer,Retail,5604,
803,443,13,360,3,43,Dining Table,Wood,White,Suburban,Summer,Online,4680,
728,324,13,404,3,48,Dining Table,Wood,Black,Rural,Summer,Retail,5252,
734,476,14,258,2,74,Dining Table,Metal,White,Suburban,Fall,Online,3612,
393,207,15,186,1,75,Dining Table,Wood,White,Rural,Fall,Retail,2790,
736,307,16,429,3,37,Dining Table,Wood,Black,Suburban,Spring,Online,6864,
815,248,18,567,2,58,Dining Table,Marble,Brown,Urban,Spring,Online,10206,
526,252,18,274,0,60,Dining Table,Marble,White,Rural,Spring,Retail,4932,
1491,841,19,650,3,85,Dining Table,Wood,Black,Rural,Fall,Online,12350,
342,162,20,180,0,51,Dining Table,Marble,Brown,Suburban,Fall,Online,3600,
476,228,20,248,2,46,Dining Table,Metal,White,Urban,Summer,Online,4960,
710,301,20,409,0,80,Dining Table,Wood,Black,Rural,Fall,Online,8180,
931,491,21,440,0,89,Dining Table,Wood,Black,Rural,Winter,Retail,9240,
546,462,22,84,0,65,Dining Table,Metal,White,Suburban,Fall,Retail,1848,
1585,1295,23,290,0,79,Dining Table,Metal,White,Rural,Fall,Retail,6670,
466,167,23,299,0,68,Dining Table,Marble,White,Urban,Spring,Retail,6877,
988,248,23,740,3,75,Dining Table,Metal,Black,Urban,Spring,Retail,17020,
1267,422,25,845,3,44,Dining Table,Metal,White,Rural,Spring,Online,21125,
644,337,26,307,1,42,Dining Table,Glass,Brown,Rural,Winter,Online,7982,
886,483,26,403,1,66,Dining Table,Metal,White,Urban,Winter,Online,10478,
995,253,26,742,3,73,Dining Table,Wood,Black,Suburban,Fall,Online,19292,
1456,1235,26,221,3,38,Dining Table,Metal,White,Rural,Winter,Retail,5746,
1767,469,35,1298,0,88,Dining Table,Metal,Black,Rural,Spring,Retail,45430,
778,351,38,427,0,27,Dining Table,Marble,White,Rural,Winter,Retail,16226,
806,486,0,320,0,83,Dining Table,Glass,White,Suburban,Winter,Retail,0,
1030,377,1,653,0,65,Dining Table,Wood,White,Urban,Winter,Online,653,
483,236,2,247,0,40,Dining Table,Glass,Brown,Rural,Spring,Online,494,
516,210,2,306,3,87,Dining Table,Metal,White,Urban,Spring,Retail,612,
1230,363,2,867,3,65,Dining Table,Wood,Black,Rural,Fall,Retail,1734,
680,320,3,360,0,26,Dining Table,Wood,Black,Rural,Spring,Online,1080,
1046,327,3,719,2,52,Dining Table,Glass,Brown,Suburban,Spring,Retail,2157,
1006,407,4,599,0,90,Dining Table,Wood,Brown,Urban,Fall,Retail,2396,
863,440,5,423,3,86,Dining Table,Glass,Black,Suburban,Summer,Online,2115,
781,273,5,508,0,24,Dining Table,Wood,Black,Rural,Summer,Retail,2540,
1111,278,5,833,0,32,Dining Table,Wood,Brown,Urban,Winter,Retail,4165,
601,356,6,245,1,54,Dining Table,Metal,White,Urban,Winter,Online,1470,
854,213,7,641,0,37,Dining Table,Wood,Black,Rural,Fall,Online,4487,
883,384,8,499,3,55,Dining Table,Glass,White,Suburban,Spring,Online,3992,
1181,420,8,761,3,55,Dining Table,Wood,Brown,Rural,Spring,Online,6088,
1288,860,8,428,1,33,Dining Table,Wood,Black,Rural,Summer,Retail,3424,
387,206,9,181,1,33,Dining Table,Marble,White,Rural,Winter,Online,1629,
321,250,9,71,2,89,Dining Table,Marble,Black,Suburban,Winter,Retail,639,
376,167,9,209,1,57,Dining Table,Metal,White,Suburban,Spring,Retail,1881,
630,238,9,392,2,80,Dining Table,Wood,White,Suburban,Winter,Retail,3528,
450,297,11,153,2,65,Dining Table,Metal,White,Urban,Fall,Online,1683,
810,480,11,330,3,25,Dining Table,Marble,Black,Suburban,Spring,Retail,3630,
605,428,12,177,0,73,Dining Table,Marble,White,Rural,Summer,Online,2124,
894,271,12,623,3,88,Dining Table,Marble,Brown,Suburban,Spring,Retail,7476,
371,164,13,207,1,73,Dining Table,Metal,White,Urban,Spring,Online,2691,
604,391,13,213,0,49,Dining Table,Marble,White,Suburban,Winter,Online,2769,
438,235,13,203,2,47,Dining Table,Marble,Black,Rural,Winter,Retail,2639,
443,201,13,242,0,79,Dining Table,Metal,White,Rural,Summer,Retail,3146,
869,285,13,584,3,47,Dining Table,Glass,Black,Suburban,Spring,Retail,7592,
490,259,15,231,0,44,Dining Table,Marble,White,Urban,Fall,Online,3465,
1073,327,15,746,3,79,Dining Table,Marble,Black,Suburban,Summer,Retail,11190,
437,244,16,193,0,78,Dining Table,Wood,Black,Rural,Spring,Online,3088,
739,326,16,413,0,56,Dining Table,Glass,White,Rural,Spring,Retail,6608,
3801,1415,16,2386,2,79,Dining Table,Marble,White,Urban,Summer,Retail,38176,
745,474,17,271,2,85,Dining Table,Glass,White,Rural,Fall,Retail,4607,
603,295,17,308,1,67,Dining Table,Glass,White,Rural,Winter,Retail,5236,
424,188,18,236,3,73,Dining Table,Marble,White,Rural,Winter,Online,4248,
2763,1241,18,1522,2,75,Dining Table,Marble,Black,Rural,Fall,Retail,27396,
826,493,19,333,3,68,Dining Table,Metal,White,Rural,Fall,Online,6327,
584,236,19,348,1,68,Dining Table,Marble,Black,Suburban,Winter,Retail,6612,
470,212,19,258,2,83,Dining Table,Marble,White,Suburban,Fall,Retail,4902,
566,455,20,111,2,38,Dining Table,Metal,Brown,Suburban,Summer,Retail,2220,
1056,442,20,614,2,72,Dining Table,Wood,White,Rural,Summer,Retail,12280,
874,182,20,692,3,77,Dining Table,Metal,Brown,Urban,Winter,Retail,13840,
719,300,24,419,1,47,Dining Table,Glass,Brown,Suburban,Summer,Retail,10056,
1308,422,24,886,3,80,Dining Table,Wood,Black,Urban,Spring,Retail,21264,
1998,493,24,1505,0,59,Dining Table,Marble,Black,Rural,Winter,Retail,36120,
623,487,26,136,3,58,Dining Table,Glass,Black,Suburban,Fall,Retail,3536,
584,269,28,315,3,40,Dining Table,Glass,Black,Rural,Spring,Online,8820,
712,330,28,382,1,81,Dining Table,Marble,Black,Suburban,Winter,Online,10696,
354,252,28,102,0,34,Dining Table,Wood,White,Urban,Spring,Retail,2856,
1271,423,29,848,2,64,Dining Table,Glass,Brown,Urban,Summer,Online,24592,
331,187,29,144,3,42,Dining Table,Wood,Brown,Rural,Fall,Retail,4176,
863,448,29,415,1,28,Dining Table,Wood,Black,Rural,Fall,Retail,12035,
574,232,30,342,3,33,Dining Table,Marble,White,Suburban,Fall,Online,10260,
460,287,34,173,3,27,Dining Table,Marble,White,Rural,Winter,Online,5882,
483,265,35,218,0,44,Dining Table,Metal,Black,Suburban,Winter,Retail,7630,
655,197,41,458,2,63,Dining Table,Marble,Black,Urban,Winter,Online,18778,
1125,248,45,877,1,71,Dining Table,Glass,Black,Rural,Spring,Online,39465,
653,458,0,195,1,39,Dining Table,Metal,Brown,Suburban,Fall,Retail,0,
852,336,0,516,3,40,Dining Table,Metal,Black,Urban,Fall,Retail,0,
728,475,1,253,0,34,Dining Table,Marble,Brown,Suburban,Summer,Retail,253,
448,161,1,287,2,81,Dining Table,Wood,Black,Rural,Fall,Retail,287,
1960,186,1,1774,2,44,Dining Table,Marble,Black,Rural,Summer,Retail,1774,
1501,1265,2,236,0,49,Dining Table,Glass,Brown,Urban,Spring,Retail,472,
781,452,2,329,0,83,Dining Table,Marble,Black,Urban,Fall,Retail,658,
1242,995,3,247,0,74,Dining Table,Marble,White,Urban,Summer,Online,741,
924,346,3,578,2,52,Dining Table,Metal,Brown,Urban,Spring,Online,1734,
652,397,3,255,1,29,Dining Table,Glass,White,Urban,Summer,Retail,765,
840,363,3,477,2,89,Dining Table,Metal,Brown,Urban,Winter,Retail,1431,
885,211,4,674,3,26,Dining Table,Metal,Brown,Rural,Spring,Retail,2696,
701,404,5,297,0,56,Dining Table,Marble,White,Rural,Winter,Online,1485,
694,253,5,441,0,64,Dining Table,Wood,White,Rural,Fall,Online,2205,
606,282,6,324,3,39,Dining Table,Glass,White,Urban,Winter,Retail,1944,
755,328,6,427,3,84,Dining Table,Metal,Brown,Rural,Summer,Retail,2562,
917,464,8,453,2,70,Dining Table,Metal,Black,Rural,Fall,Retail,3624,
849,339,9,510,2,53,Dining Table,Glass,Black,Suburban,Fall,Online,4590,
1288,1022,9,266,0,66,Dining Table,Glass,White,Urban,Summer,Retail,2394,
661,166,10,495,1,54,Dining Table,Glass,Brown,Urban,Fall,Online,4950,
679,360,11,319,2,85,Dining Table,Marble,Brown,Urban,Spring,Retail,3509,
540,209,12,331,3,82,Dining Table,Glass,Black,Rural,Spring,Online,3972,
298,183,13,115,1,61,Dining Table,Glass,White,Rural,Fall,Online,1495,
543,156,13,387,2,82,Dining Table,Metal,Brown,Urban,Winter,Online,5031,
1137,985,14,152,3,32,Dining Table,Glass,Brown,Rural,Summer,Retail,2128,
740,358,14,382,3,78,Dining Table,Marble,White,Urban,Fall,Retail,5348,
466,455,15,11,1,50,Dining Table,Metal,White,Rural,Spring,Online,165,
459,291,16,168,1,33,Dining Table,Wood,Brown,Suburban,Fall,Online,2688,
874,473,16,401,2,67,Dining Table,Wood,Black,Rural,Winter,Retail,6416,
1136,445,17,691,3,47,Dining Table,Glass,Black,Suburban,Spring,Online,11747,
452,222,18,230,1,41,Dining Table,Marble,White,Suburban,Fall,Online,4140,
891,448,19,443,1,36,Dining Table,Glass,White,Urban,Fall,Online,8417,
426,186,19,240,1,51,Dining Table,Marble,White,Urban,Summer,Online,4560,
576,403,20,173,3,50,Dining Table,Marble,Black,Urban,Summer,Retail,3460,
569,250,24,319,0,75,Dining Table,Glass,White,Suburban,Summer,Online,7656,
789,258,24,531,3,42,Dining Table,Wood,Black,Rural,Spring,Online,12744,
565,269,25,296,1,86,Dining Table,Wood,Brown,Rural,Fall,Online,7400,
1055,153,25,902,3,88,Dining Table,Metal,Black,Suburban,Spring,Online,22550,
1753,498,25,1255,1,52,Dining Table,Metal,Brown,Urban,Fall,Retail,31375,
343,250,26,93,2,28,Dining Table,Wood,Black,Rural,Fall,Online,2418,
249,218,26,31,3,90,Dining Table,Marble,Brown,Suburban,Winter,Retail,806,
707,273,26,434,1,46,Dining Table,Wood,Black,Urban,Summer,Retail,11284,
309,214,27,95,0,25,Dining Table,Glass,White,Rural,Spring,Online,2565,
541,338,27,203,0,38,Dining Table,Wood,White,Suburban,Spring,Online,5481,
865,173,27,692,1,30,Dining Table,Glass,Black,Suburban,Fall,Online,18684,
441,247,27,194,3,64,Dining Table,Marble,Brown,Rural,Winter,Retail,5238,
548,180,27,368,0,79,Dining Table,Marble,White,Suburban,Fall,Retail,9936,
772,375,27,397,0,44,Dining Table,Wood,Black,Rural,Winter,Retail,10719,
796,263,27,533,3,86,Dining Table,Wood,Black,Rural,Winter,Retail,14391,
374,167,28,207,3,75,Dining Table,Glass,Brown,Suburban,Summer,Retail,5796,
891,194,31,697,0,57,Dining Table,Marble,Brown,Suburban,Fall,Online,21607,
1070,1095,32,-25,0,29,Dining Table,Glass,White,Urban,Spring,Online,-800,
479,183,33,296,0,81,Dining Table,Marble,Brown,Urban,Fall,Online,9768,
1155,442,33,713,1,82,Dining Table,Metal,Black,Suburban,Fall,Online,23529,
685,277,38,408,0,35,Dining Table,Wood,White,Suburban,Winter,Online,15504,
737,226,43,511,1,61,Dining Table,Marble,Brown,Urban,Summer,Retail,21973,
496,352,45,144,0,82,Dining Table,Wood,White,Urban,Spring,Online,6480,
556,304,0,252,6,86,Dining Table,Wood,Brown,Rural,Spring,Online,0,
484,478,0,6,6,38,Dining Table,Wood,White,Suburban,Fall,Retail,0,
876,446,14,430,6,82,Dining Table,Marble,Brown,Urban,Fall,Online,430,
1699,1233,2,466,6,35,Dining Table,Metal,Black,Rural,Winter,Online,932,
836,193,2,643,6,30,Dining Table,Wood,White,Urban,Winter,Retail,1286,
1014,934,3,80,6,31,Dining Table,Metal,Black,Urban,Summer,Online,240,
3582,1953,3,1629,6,53,Dining Table,Metal,Black,Urban,Summer,Online,4887,
557,398,3,159,6,33,Dining Table,Wood,White,Suburban,Winter,Retail,477,
577,239,4,338,6,90,Dining Table,Marble,White,Rural,Fall,Online,1352,
687,182,7,505,6,37,Dining Table,Glass,Black,Rural,Summer,Online,3535,
762,317,7,445,6,59,Dining Table,Wood,White,Suburban,Spring,Retail,3115,
868,375,7,493,6,79,Dining Table,Metal,White,Urban,Winter,Retail,3451,
595,280,8,315,6,78,Dining Table,Glass,Brown,Rural,Winter,Retail,2520,
681,221,8,460,6,78,Dining Table,Wood,Black,Urban,Spring,Retail,3680,
373,234,9,139,6,44,Dining Table,Marble,White,Suburban,Fall,Online,1251,
918,352,9,566,6,90,Dining Table,Metal,White,Suburban,Winter,Online,5094,
560,206,9,354,6,51,Dining Table,Marble,Black,Suburban,Winter,Retail,3186,
409,196,10,213,6,24,Dining Table,Metal,White,Suburban,Winter,Retail,2130,
963,204,11,759,6,86,Dining Table,Metal,Black,Urban,Winter,Online,8349,
720,456,12,264,6,61,Dining Table,Marble,Brown,Urban,Winter,Online,3168,
439,299,13,140,6,48,Dining Table,Glass,White,Suburban,Winter,Online,1820,
311,286,14,25,6,53,Dining Table,Marble,White,Urban,Fall,Retail,350,
895,376,15,519,6,46,Dining Table,Glass,White,Urban,Spring,Online,7785,
962,289,15,673,6,83,Dining Table,Metal,Black,Suburban,Fall,Retail,10095,
1146,1124,16,22,6,30,Dining Table,Marble,White,Urban,Fall,Online,352,
516,231,16,285,6,29,Dining Table,Wood,Brown,Suburban,Winter,Online,4560,
505,345,16,160,6,46,Dining Table,Wood,White,Urban,Summer,Retail,2560,
754,207,17,547,6,57,Dining Table,Wood,Black,Rural,Summer,Online,9299,
529,197,17,332,6,29,Dining Table,Marble,Black,Suburban,Winter,Retail,5644,
882,344,17,538,6,75,Dining Table,Wood,Black,Urban,Summer,Retail,9146,
576,487,19,89,6,73,Dining Table,Wood,White,Rural,Winter,Retail,1691,
646,474,20,172,6,55,Dining Table,Metal,White,Rural,Fall,Retail,3440,
372,151,21,221,6,49,Dining Table,Glass,White,Suburban,Summer,Online,4641,
836,408,22,428,6,61,Dining Table,Wood,Black,Rural,Summer,Online,9416,
584,262,23,322,6,47,Dining Table,Wood,White,Rural,Fall,Online,7406,
353,156,24,197,6,41,Dining Table,Marble,White,Rural,Spring,Retail,4728,
699,313,26,386,6,45,Dining Table,Wood,Black,Urban,Fall,Online,10036,
1074,477,27,597,6,33,Dining Table,Marble,Black,Suburban,Summer,Online,16119,
1680,1095,27,585,6,39,Dining Table,Marble,Black,Rural,Summer,Retail,15795,
985,362,27,623,6,79,Dining Table,Wood,Black,Urban,Spring,Retail,16821,
907,210,27,697,6,50,Dining Table,Wood,White,Urban,Summer,Retail,18819,
779,248,28,531,6,48,Dining Table,Marble,White,Rural,Summer,Retail,14868,
1127,220,29,907,6,49,Dining Table,Wood,Black,Rural,Fall,Online,26303,
931,315,30,616,6,60,Dining Table,Glass,Brown,Rural,Summer,Online,18480,
600,272,33,328,6,45,Dining Table,Marble,Brown,Urban,Winter,Retail,10824,
1105,281,34,824,6,34,Dining Table,Metal,Black,Urban,Summer,Online,28016,
854,394,35,460,6,24,Dining Table,Metal,White,Rural,Summer,Online,16100,
686,288,35,398,6,46,Dining Table,Metal,Black,Urban,Spring,Retail,13930,
381,175,0,206,5,50,Dining Table,Marble,White,Urban,Winter,Online,0,
1123,404,0,719,5,24,Dining Table,Wood,Black,Suburban,Fall,Retail,0,
1033,267,0,766,5,50,Dining Table,Metal,Black,Rural,Winter,Retail,0,
1105,413,1,692,5,49,Dining Table,Marble,Black,Urban,Winter,Online,692,
1758,1142,2,616,5,90,Dining Table,Marble,White,Urban,Winter,Online,1232,
1022,235,2,787,5,45,Dining Table,Marble,White,Urban,Spring,Online,1574,
1654,1239,4,415,5,84,Dining Table,Metal,Black,Suburban,Summer,Online,1660,
1212,906,5,306,5,68,Dining Table,Wood,White,Rural,Fall,Online,1530,
391,191,5,200,5,28,Dining Table,Metal,White,Suburban,Summer,Retail,1000,
823,361,6,462,5,73,Dining Table,Glass,Black,Urban,Spring,Retail,2772,
543,254,7,289,5,26,Dining Table,Marble,Black,Rural,Summer,Retail,2023,
669,218,8,451,5,45,Dining Table,Glass,White,Rural,Winter,Online,3608,
937,485,8,452,5,82,Dining Table,Marble,White,Rural,Fall,Retail,3616,
488,298,9,190,5,82,Dining Table,Marble,Brown,Rural,Summer,Online,1710,
679,208,10,471,5,79,Dining Table,Marble,Black,Urban,Winter,Retail,4710,
822,223,12,599,5,77,Dining Table,Marble,Brown,Suburban,Summer,Online,7188,
1036,247,12,789,5,81,Dining Table,Marble,White,Rural,Summer,Retail,9468,
731,415,13,316,5,87,Dining Table,Metal,White,Rural,Spring,Online,4108,
812,286,13,526,5,77,Dining Table,Glass,Black,Suburban,Fall,Online,6838,
612,449,14,163,5,45,Dining Table,Metal,White,Rural,Spring,Online,2282,
340,206,14,134,5,36,Dining Table,Marble,White,Urban,Fall,Online,1876,
631,228,14,403,5,61,Dining Table,Glass,Black,Urban,Winter,Retail,5642,
532,362,17,170,5,74,Dining Table,Wood,Black,Suburban,Summer,Retail,2890,
424,223,18,201,5,29,Dining Table,Glass,Brown,Rural,Spring,Online,3618,
437,223,19,214,5,57,Dining Table,Marble,White,Rural,Winter,Online,4066,
564,231,23,333,5,59,Dining Table,Wood,Brown,Suburban,Spring,Online,7659,
645,269,23,376,5,55,Dining Table,Wood,White,Rural,Spring,Online,8648,
580,295,23,285,5,63,Dining Table,Metal,Black,Rural,Winter,Retail,6555,
460,254,24,206,5,31,Dining Table,Marble,White,Urban,Summer,Online,4944,
594,272,25,322,5,57,Dining Table,Wood,Black,Suburban,Spring,Online,8050,
472,242,25,230,5,59,Dining Table,Marble,Brown,Urban,Summer,Retail,5750,
494,440,25,54,5,84,Dining Table,Marble,Brown,Urban,Winter,Retail,1350,
786,396,25,390,5,40,Dining Table,Wood,Black,Suburban,Spring,Retail,9750,
514,494,26,20,5,87,Dining Table,Marble,White,Rural,Summer,Online,520,
644,169,26,475,5,59,Dining Table,Wood,Black,Rural,Summer,Online,12350,
696,282,26,414,5,85,Dining Table,Marble,Black,Urban,Spring,Retail,10764,
914,340,26,574,5,35,Dining Table,Marble,Black,Rural,Winter,Retail,14924,
512,300,27,212,5,81,Dining Table,Marble,White,Suburban,Winter,Online,5724,
674,268,27,406,5,85,Dining Table,Wood,White,Suburban,Summer,Online,10962,
591,270,27,321,5,88,Dining Table,Marble,Brown,Suburban,Spring,Retail,8667,
1592,1457,27,135,5,45,Dining Table,Glass,White,Suburban,Summer,Retail,3645,
773,441,28,332,5,32,Dining Table,Wood,Black,Rural,Winter,Online,9296,
741,159,28,582,5,55,Dining Table,Wood,Black,Urban,Spring,Retail,16296,
682,240,29,442,5,64,Dining Table,Marble,White,Urban,Winter,Online,12818,
436,223,29,213,5,65,Dining Table,Wood,White,Rural,Summer,Online,6177,
671,323,30,348,5,24,Dining Table,Wood,Brown,Urban,Spring,Retail,10440,
852,244,31,608,5,72,Dining Table,Wood,White,Urban,Winter,Online,18848,
1278,157,32,1121,5,44,Dining Table,Glass,Black,Rural,Winter,Online,35872,
824,182,32,642,5,82,Dining Table,Wood,Black,Urban,Fall,Retail,20544,
591,363,34,228,5,50,Dining Table,Glass,Brown,Rural,Summer,Online,7752,
624,191,40,433,5,76,Dining Table,Marble,White,Urban,Summer,Retail,17320,
1759,1126,43,633,5,55,Dining Table,Metal,Black,Rural,Summer,Online,27219,
1013,405,0,608,4,63,Dining Table,Wood,Black,Suburban,Summer,Online,0,
542,475,0,67,4,61,Dining Table,Wood,Black,Rural,Fall,Retail,0,
1856,1243,1,613,4,59,Dining Table,Wood,White,Suburban,Fall,Online,613,
233,220,2,13,4,63,Dining Table,Glass,Black,Suburban,Spring,Online,26,
552,443,2,109,4,63,Dining Table,Metal,White,Urban,Winter,Retail,218,
454,209,33,245,4,85,Dining Table,Marble,Brown,Urban,Summer,Online,735,
819,360,3,459,4,62,Dining Table,Wood,Brown,Rural,Fall,Online,1377,
664,244,4,420,4,30,Dining Table,Wood,Black,Rural,Fall,Online,1680,
779,304,4,475,4,88,Dining Table,Wood,Black,Urban,Winter,Online,1900,
759,181,5,578,4,47,Dining Table,Metal,White,Rural,Fall,Online,2890,
908,452,5,456,4,71,Dining Table,Wood,Brown,Rural,Spring,Retail,2280,
974,270,5,704,4,54,Dining Table,Glass,Black,Rural,Summer,Retail,3520,
827,322,6,505,4,69,Dining Table,Wood,Black,Rural,Spring,Retail,3030,
853,360,7,493,4,63,Dining Table,Glass,Black,Suburban,Winter,Online,3451,
652,302,7,350,4,31,Dining Table,Wood,Black,Suburban,Winter,Retail,2450,
547,244,8,303,4,52,Dining Table,Wood,Black,Suburban,Winter,Online,2424,
696,192,8,504,4,36,Dining Table,Glass,Black,Urban,Summer,Online,4032,
937,882,9,55,4,35,Dining Table,Wood,White,Urban,Summer,Online,495,
734,300,10,434,4,78,Dining Table,Metal,Black,Urban,Fall,Online,4340,
713,494,11,219,4,73,Dining Table,Marble,Black,Rural,Winter,Online,2409,
690,298,14,392,4,75,Dining Table,Glass,Black,Suburban,Spring,Retail,5488,
300,261,15,39,4,54,Dining Table,Metal,Brown,Suburban,Winter,Online,585,
526,234,15,292,4,32,Dining Table,Wood,Black,Rural,Winter,Online,4380,
1475,228,17,1247,4,85,Dining Table,Wood,Black,Suburban,Fall,Retail,21199,
941,355,18,586,4,77,Dining Table,Marble,Brown,Suburban,Winter,Online,10548,
971,223,18,748,4,29,Dining Table,Wood,Black,Urban,Fall,Online,13464,
479,253,19,226,4,32,Dining Table,Glass,White,Urban,Fall,Retail,4294,
558,277,20,281,4,31,Dining Table,Marble,White,Rural,Winter,Online,5620,
700,317,20,383,4,45,Dining Table,Wood,Black,Rural,Winter,Online,7660,
480,242,21,238,4,56,Dining Table,Marble,White,Suburban,Winter,Online,4998,
525,201,21,324,4,78,Dining Table,Glass,White,Urban,Winter,Online,6804,
694,441,21,253,4,88,Dining Table,Wood,Black,Urban,Summer,Retail,5313,
666,317,22,349,4,27,Dining Table,Wood,Brown,Suburban,Spring,Online,7678,
635,299,22,336,4,66,Dining Table,Wood,Black,Rural,Summer,Retail,7392,
700,326,22,374,4,56,Dining Table,Wood,White,Urban,Winter,Retail,8228,
665,480,25,185,4,83,Dining Table,Wood,White,Rural,Summer,Online,4625,
504,207,25,297,4,44,Dining Table,Marble,White,Urban,Fall,Retail,7425,
1798,663,25,1135,4,45,Dining Table,Glass,White,Urban,Spring,Retail,28375,
704,481,26,223,4,41,Dining Table,Metal,Black,Rural,Spring,Online,5798,
848,271,26,577,4,90,Dining Table,Glass,Black,Suburban,Spring,Online,15002,
224,206,26,18,4,50,Dining Table,Metal,Black,Suburban,Spring,Retail,468,
792,491,27,301,4,33,Dining Table,Marble,Brown,Suburban,Spring,Online,8127,
650,319,27,331,4,45,Dining Table,Glass,White,Rural,Fall,Retail,8937,
474,463,29,11,4,73,Dining Table,Marble,White,Urban,Summer,Retail,319,
523,336,30,187,4,79,Dining Table,Glass,Black,Suburban,Summer,Retail,5610,
679,273,31,406,4,70,Dining Table,Wood,Black,Suburban,Summer,Online,12586,
476,161,36,315,4,47,Dining Table,Wood,Black,Rural,Spring,Retail,11340,
271,181,38,90,4,51,Dining Table,Wood,Brown,Suburban,Winter,Online,3420,
1264,349,38,915,4,62,Dining Table,Metal,Black,Rural,Fall,Online,34770,
1154,190,42,964,4,30,Dining Table,Wood,White,Rural,Winter,Retail,40488,
596,329,44,267,4,36,Dining Table,Marble,White,Urban,Winter,Online,11748,
824,323,2,501,3,68,Dining Table,Wood,White,Suburban,Spring,Online,1002,
2760,1109,2,1651,3,29,Dining Table,Marble,Black,Suburban,Spring,Online,3302,
525,409,4,116,3,51,Dining Table,Glass,White,Suburban,Summer,Online,464,
960,379,8,581,3,71,Dining Table,Wood,Black,Suburban,Fall,Online,4648,
641,266,8,375,3,60,Dining Table,Glass,White,Urban,Winter,Retail,3000,
674,270,12,404,3,52,Dining Table,Marble,White,Rural,Spring,Online,4848,
1761,1291,12,470,3,67,Dining Table,Marble,Black,Rural,Winter,Online,5640,
1021,963,12,58,3,39,Dining Table,Marble,White,Suburban,Spring,Retail,696,
331,160,12,171,3,40,Dining Table,Marble,Black,Urban,Summer,Retail,2052,
663,445,12,218,3,74,Dining Table,Glass,White,Urban,Summer,Retail,2616,
691,458,12,233,3,27,Dining Table,Metal,White,Urban,Spring,Retail,2796,
463,222,12,241,3,29,Dining Table,Marble,White,Suburban,Fall,Retail,2892,
894,484,13,410,3,46,Dining Table,Glass,White,Urban,Summer,Online,5330,
1079,412,13,667,3,55,Dining Table,Marble,Brown,Rural,Summer,Online,8671,
861,173,13,688,3,58,Dining Table,Metal,Brown,Rural,Fall,Online,8944,
1843,1367,13,476,3,49,Dining Table,Glass,White,Urban,Summer,Retail,6188,
607,413,14,194,3,42,Dining Table,Marble,Brown,Rural,Winter,Online,2716,
681,486,15,195,3,79,Dining Table,Marble,Brown,Rural,Winter,Online,2925,
1393,1301,16,92,3,50,Dining Table,Marble,Brown,Suburban,Spring,Online,1472,
742,298,16,444,3,36,Dining Table,Wood,Black,Urban,Fall,Online,7104,
280,238,17,42,3,69,Dining Table,Metal,Brown,Urban,Winter,Online,714,
1264,421,17,843,3,29,Dining Table,Marble,Black,Urban,Winter,Retail,14331,
2177,435,18,1742,3,71,Dining Table,Marble,Brown,Suburban,Spring,Online,31356,
1488,428,18,1060,3,49,Dining Table,Glass,White,Rural,Spring,Retail,19080,
556,219,19,337,3,50,Dining Table,Wood,White,Suburban,Fall,Online,6403,
963,496,20,467,3,46,Dining Table,Marble,White,Suburban,Summer,Online,9340,
1011,367,20,644,3,34,Dining Table,Marble,White,Suburban,Fall,Online,12880,
750,264,22,486,3,24,Dining Table,Glass,Black,Suburban,Winter,Online,10692,
501,498,23,3,3,44,Dining Table,Glass,White,Suburban,Spring,Retail,69,
1616,1545,25,71,3,49,Dining Table,Metal,White,Suburban,Winter,Online,1775,
621,269,27,352,3,26,Dining Table,Metal,White,Urban,Spring,Online,9504,
953,351,28,602,3,31,Dining Table,Glass,Black,Rural,Spring,Online,16856,
693,331,28,362,3,57,Dining Table,Wood,White,Rural,Summer,Retail,10136,
1935,1041,28,894,3,59,Dining Table,Wood,Brown,Urban,Winter,Retail,25032,
1069,258,29,811,3,86,Dining Table,Wood,White,Suburban,Fall,Retail,23519,
486,257,36,229,3,82,Dining Table,Marble,Brown,Urban,Spring,Online,8244,
552,275,0,277,2,41,Dining Table,Metal,Black,Rural,Fall,Online,0,
586,311,1,275,2,36,Dining Table,Marble,White,Urban,Summer,Online,275,
873,336,2,537,2,29,Dining Table,Marble,Brown,Rural,Spring,Online,1074,
1153,962,3,191,2,55,Dining Table,Marble,White,Suburban,Summer,Online,573,
803,329,3,474,2,31,Dining Table,Wood,White,Urban,Summer,Online,1422,
1302,420,3,882,2,31,Dining Table,Wood,White,Suburban,Winter,Online,2646,
649,449,4,200,2,82,Dining Table,Metal,White,Suburban,Winter,Online,800,
568,336,5,232,2,53,Dining Table,Marble,Brown,Urban,Summer,Online,1160,
421,158,5,263,2,40,Dining Table,Wood,Black,Urban,Winter,Retail,1315,
632,251,5,381,2,54,Dining Table,Metal,White,Rural,Spring,Retail,1905,
979,384,5,595,2,76,Dining Table,Marble,Black,Suburban,Summer,Retail,2975,
659,302,6,357,2,54,Dining Table,Marble,White,Suburban,Spring,Online,2142,
817,483,9,334,2,50,Dining Table,Marble,Brown,Rural,Fall,Online,3006,
554,258,9,296,2,61,Dining Table,Marble,Black,Rural,Winter,Online,2664,
769,417,10,352,2,80,Dining Table,Glass,White,Suburban,Fall,Online,3520,
658,274,11,384,2,77,Dining Table,Marble,Brown,Rural,Spring,Retail,4224,
767,395,12,372,2,62,Dining Table,Wood,Black,Rural,Fall,Online,4464,
592,247,13,345,2,83,Dining Table,Glass,White,Suburban,Fall,Online,4485,
1028,390,13,638,2,49,Dining Table,Metal,Black,Urban,Fall,Online,8294,
658,290,15,368,2,52,Dining Table,Glass,Black,Urban,Summer,Online,5520,
1029,1003,16,26,2,46,Dining Table,Marble,Black,Rural,Fall,Online,416,
890,369,16,521,2,54,Dining Table,Metal,Black,Urban,Summer,Online,8336,
821,240,16,581,2,70,Dining Table,Wood,Black,Rural,Winter,Retail,9296,
603,492,18,111,2,62,Dining Table,Marble,Brown,Rural,Fall,Retail,1998,
426,229,19,197,2,67,Dining Table,Wood,White,Rural,Fall,Online,3743,
1075,240,19,835,2,48,Dining Table,Glass,Black,Urban,Fall,Online,15865,
881,1033,19,-152,2,82,Dining Table,Metal,Brown,Urban,Winter,Retail,-2888,
330,201,20,129,2,34,Dining Table,Marble,Black,Rural,Summer,Online,2580,
591,285,21,306,2,75,Dining Table,Wood,White,Suburban,Spring,Online,6426,
1163,414,22,749,2,58,Dining Table,Wood,White,Rural,Fall,Online,16478,
708,454,23,254,2,50,Dining Table,Metal,Black,Suburban,Summer,Retail,5842,
447,375,25,72,2,83,Dining Table,Glass,White,Suburban,Fall,Online,1800,
472,246,25,226,2,52,Dining Table,Metal,Black,Suburban,Winter,Online,5650,
448,285,25,163,2,38,Dining Table,Marble,Brown,Suburban,Summer,Retail,4075,
805,359,25,446,2,81,Dining Table,Wood,Brown,Suburban,Summer,Retail,11150,
602,213,26,389,2,37,Dining Table,Wood,Black,Rural,Summer,Online,10114,
609,171,27,438,2,73,Dining Table,Glass,Black,Rural,Fall,Retail,11826,
1183,408,27,775,2,33,Dining Table,Wood,Black,Rural,Winter,Retail,20925,
966,374,28,592,2,74,Dining Table,Wood,Black,Suburban,Spring,Online,16576,
494,469,29,25,2,62,Dining Table,Wood,White,Rural,Summer,Retail,725,
678,311,29,367,2,85,Dining Table,Glass,Black,Suburban,Spring,Retail,10643,
461,210,33,251,2,49,Dining Table,Marble,White,Urban,Summer,Retail,8283,
764,312,36,452,2,26,Dining Table,Glass,Black,Rural,Fall,Online,16272,
499,486,38,13,2,62,Dining Table,Marble,White,Suburban,Spring,Retail,494,
568,258,2,310,1,59,Dining Table,Wood,White,Rural,Fall,Online,0,
1361,427,0,934,1,43,Dining Table,Wood,Brown,Suburban,Winter,Online,0,
993,897,0,96,1,47,Dining Table,Wood,Black,Rural,Fall,Retail,0,
704,483,2,221,1,44,Dining Table,Marble,Black,Suburban,Fall,Online,442,
851,327,2,524,1,47,Dining Table,Marble,Black,Suburban,Spring,Online,1048,
278,256,3,22,1,79,Dining Table,Marble,White,Suburban,Winter,Retail,66,
486,232,4,254,1,73,Dining Table,Metal,Brown,Suburban,Fall,Online,1016,
590,284,4,306,1,54,Dining Table,Marble,Black,Suburban,Winter,Retail,1224,
820,173,6,647,1,31,Dining Table,Metal,White,Urban,Spring,Online,3882,
802,492,6,310,1,26,Dining Table,Wood,Brown,Rural,Fall,Retail,1860,
653,406,7,247,1,90,Dining Table,Wood,Black,Urban,Spring,Online,1729,
876,372,7,504,1,76,Dining Table,Wood,White,Rural,Fall,Online,3528,
978,483,8,495,1,66,Dining Table,Marble,Brown,Rural,Spring,Retail,3960,
536,248,0,288,0,63,Desk,Plastic,Green,Rural,Winter,Retail,0,
517,291,9,226,1,60,Dining Table,Metal,Brown,Suburban,Winter,Online,2034,
528,268,9,260,1,46,Dining Table,Wood,Brown,Urban,Winter,Online,2340,
451,408,10,43,1,37,Dining Table,Metal,Brown,Suburban,Summer,Online,430,
485,196,10,289,1,60,Dining Table,Wood,White,Urban,Winter,Retail,2890,
932,248,11,684,1,75,Dining Table,Wood,Black,Suburban,Fall,Retail,7524,
776,342,12,434,1,76,Dining Table,Wood,Black,Urban,Spring,Online,5208,
473,446,12,27,1,78,Dining Table,Glass,White,Rural,Winter,Retail,324,
357,199,14,158,1,82,Dining Table,Glass,Brown,Rural,Fall,Online,2212,
463,185,16,278,1,63,Dining Table,Marble,Black,Rural,Summer,Retail,4448,
479,235,17,244,1,68,Dining Table,Marble,White,Suburban,Summer,Online,4148,
1239,157,17,1082,1,35,Dining Table,Metal,Black,Suburban,Spring,Retail,18394,
243,211,18,32,1,47,Dining Table,Marble,Brown,Rural,Spring,Online,576,
396,243,18,153,1,27,Dining Table,Glass,Brown,Rural,Fall,Retail,2754,
773,429,19,344,1,28,Dining Table,Glass,White,Suburban,Winter,Online,6536,
611,196,19,415,1,30,Dining Table,Metal,Black,Rural,Summer,Online,7885,
941,349,20,592,1,33,Dining Table,Marble,Black,Rural,Winter,Online,11840,
1184,211,20,973,1,62,Dining Table,Metal,White,Rural,Winter,Online,19460,
753,162,21,591,1,53,Dining Table,Wood,Black,Rural,Winter,Retail,12411,
694,282,22,412,1,45,Dining Table,Marble,White,Rural,Winter,Online,9064,
550,248,22,302,1,37,Dining Table,Marble,Brown,Rural,Summer,Retail,6644,
783,277,22,506,1,29,Dining Table,Marble,White,Suburban,Spring,Retail,11132,
452,193,25,259,1,71,Dining Table,Marble,Brown,Suburban,Spring,Retail,6475,
1065,181,30,884,1,79,Dining Table,Wood,Black,Urban,Summer,Online,26520,
583,373,34,210,1,86,Dining Table,Marble,White,Rural,Fall,Online,7140,
944,487,47,457,1,33,Dining Table,Glass,Black,Rural,Summer,Retail,21479,
916,202,1,714,0,90,Dining Table,Wood,Black,Rural,Spring,Online,714,
959,225,1,734,0,61,Dining Table,Glass,Brown,Rural,Fall,Online,734,
515,202,1,313,0,81,Dining Table,Wood,White,Rural,Spring,Retail,313,
507,254,2,253,0,35,Dining Table,Metal,Brown,Urban,Winter,Online,506,
492,467,2,25,0,85,Dining Table,Marble,White,Urban,Fall,Retail,50,
826,938,3,-112,0,90,Dining Table,Marble,White,Urban,Winter,Online,-336,
921,317,4,604,0,48,Dining Table,Wood,White,Suburban,Winter,Retail,2416,
458,278,5,180,0,78,Dining Table,Marble,Brown,Urban,Winter,Online,900,
802,273,5,529,0,84,Dining Table,Metal,Black,Rural,Summer,Retail,2645,
583,339,6,244,0,86,Dining Table,Metal,White,Rural,Summer,Online,1464,
797,339,6,458,0,75,Dining Table,Metal,Black,Suburban,Summer,Online,2748,
1211,292,6,919,0,35,Dining Table,Marble,Black,Rural,Fall,Online,5514,
474,219,7,255,0,67,Dining Table,Glass,White,Rural,Winter,Online,1785,
843,477,7,366,0,25,Dining Table,Wood,White,Rural,Summer,Retail,2562,
839,219,7,620,0,63,Dining Table,Wood,White,Urban,Spring,Retail,4340,
1301,368,8,933,0,59,Dining Table,Wood,Black,Urban,Spring,Online,7464,
255,181,8,74,0,51,Dining Table,Wood,Brown,Rural,Summer,Retail,592,
794,346,8,448,0,90,Dining Table,Wood,White,Urban,Fall,Retail,3584,
904,234,9,670,0,84,Dining Table,Metal,White,Rural,Spring,Online,6030,
824,453,9,371,0,81,Dining Table,Wood,White,Urban,Fall,Retail,3339,
843,392,10,451,0,41,Dining Table,Wood,Black,Rural,Summer,Online,4510,
343,188,11,155,0,59,Dining Table,Marble,White,Suburban,Fall,Online,1705,
1216,230,11,986,0,24,Dining Table,Glass,White,Rural,Summer,Retail,10846,
568,291,12,277,0,64,Dining Table,Metal,White,Rural,Spring,Online,3324,
708,171,13,537,0,44,Dining Table,Metal,Black,Rural,Fall,Retail,6981,
1275,206,14,1069,0,40,Dining Table,Wood,Black,Urban,Spring,Online,14966,
1754,256,14,1498,0,51,Dining Table,Glass,Brown,Rural,Summer,Online,20972,
887,844,16,43,0,35,Dining Table,Marble,Black,Rural,Spring,Online,688,
1040,949,16,91,0,41,Dining Table,Wood,Brown,Urban,Winter,Retail,1456,
541,451,17,90,0,49,Dining Table,Marble,White,Suburban,Fall,Online,1530,
1109,953,19,156,0,73,Dining Table,Marble,White,Suburban,Fall,Retail,2964,
510,279,20,231,0,67,Dining Table,Marble,White,Urban,Winter,Online,4620,
569,282,20,287,0,53,Dining Table,Glass,White,Suburban,Winter,Online,5740,
913,498,21,415,0,67,Dining Table,Marble,Brown,Suburban,Fall,Online,8715,
460,385,21,75,0,52,Dining Table,Metal,Brown,Urban,Winter,Online,1575,
661,197,21,464,0,35,Dining Table,Glass,Black,Suburban,Winter,Online,9744,
1125,430,21,695,0,42,Dining Table,Wood,White,Rural,Spring,Online,14595,
312,163,22,149,0,37,Dining Table,Marble,Brown,Rural,Summer,Retail,3278,
919,457,23,462,0,56,Dining Table,Glass,Brown,Suburban,Winter,Online,10626,
656,280,24,376,0,72,Dining Table,Marble,White,Urban,Spring,Online,9024,
624,296,25,328,0,29,Dining Table,Metal,Brown,Suburban,Winter,Online,8200,
437,216,25,221,0,24,Dining Table,Marble,White,Urban,Winter,Online,5525,
964,488,25,476,0,76,Dining Table,Marble,Black,Urban,Spring,Online,11900,
741,210,26,531,0,81,Dining Table,Marble,White,Urban,Winter,Online,13806,
283,244,26,39,0,32,Dining Table,Glass,White,Suburban,Winter,Retail,1014,
1107,185,26,922,0,76,Dining Table,Wood,White,Urban,Summer,Retail,23972,
380,183,27,197,0,58,Dining Table,Marble,Brown,Urban,Winter,Online,5319,
612,443,27,169,0,82,Dining Table,Metal,White,Suburban,Fall,Retail,4563,
735,461,28,274,0,89,Dining Table,Metal,Black,Urban,Spring,Online,7672,
1154,404,28,750,0,26,Dining Table,Marble,Black,Suburban,Spring,Online,21000,
584,248,28,336,0,56,Dining Table,Wood,Black,Rural,Summer,Retail,9408,
833,354,29,479,0,29,Dining Table,Wood,Brown,Rural,Winter,Online,13891,
1468,380,31,1088,0,24,Dining Table,Wood,Black,Suburban,Winter,Retail,33728,
372,296,32,76,0,84,Dining Table,Metal,Brown,Urban,Spring,Online,2432,
1002,275,33,727,0,42,Dining Table,Wood,Brown,Suburban,Summer,Retail,23991,
544,320,38,224,0,81,Dining Table,Wood,Brown,Suburban,Winter,Online,8512,
861,188,44,673,0,35,Dining Table,Marble,Brown,Urban,Spring,Online,29612,
1062,376,49,686,0,34,Dining Table,Marble,Black,Rural,Spring,Retail,33614,
619,448,51,171,0,27,Dining Table,Marble,White,Urban,Summer,Online,8721,
382,161,35,221,3,55,Sofa,Fabric,Blue,Rural,Fall,Online,7735,
1404,1278,23,126,3,56,Sofa,Wood,Black,Suburban,Fall,Online,2898,
429,165,18,264,3,40,Sofa,Wood,Blue,Urban,Winter,Retail,4752,
474,257,7,217,2,47,Sofa,Fabric,Blue,Urban,Summer,Retail,1519,
477,190,11,287,2,63,Sofa,Fabric,Blue,Suburban,Winter,Retail,3157,
596,425,7,171,2,75,Sofa,Fabric,White,Rural,Spring,Retail,1197,
523,206,16,317,2,55,Sofa,Wood,Green,Rural,Summer,Retail,5072,
542,296,2,246,2,84,Sofa,Fabric,Black,Urban,Spring,Online,492,
582,348,33,234,2,76,Sofa,Fabric,Green,Rural,Winter,Retail,7722,
590,380,6,210,1,29,Sofa,Fabric,White,Urban,Fall,Online,1260,
593,284,22,309,2,41,Sofa,Fabric,Green,Suburban,Fall,Online,6798,
625,301,30,324,1,51,Sofa,Fabric,Brown,Rural,Winter,Online,9720,
656,458,26,198,1,84,Sofa,Wood,Green,Rural,Spring,Retail,5148,
662,404,24,258,1,31,Sofa,Fabric,Red,Suburban,Summer,Online,6192,
672,266,3,406,1,77,Sofa,Fabric,Blue,Rural,Spring,Retail,1218,
691,435,31,256,1,32,Sofa,Fabric,Brown,Suburban,Fall,Online,7936,
726,400,18,326,1,39,Sofa,Wood,Brown,Urban,Fall,Retail,5868,
735,214,17,521,1,88,Sofa,Wood,Red,Rural,Summer,Retail,8857,
780,409,12,371,2,58,Sofa,Wood,Black,Rural,Summer,Retail,4452,
780,253,31,527,2,27,Sofa,Wood,Blue,Suburban,Spring,Retail,16337,
799,314,13,485,2,66,Sofa,Wood,White,Rural,Summer,Online,6305,
842,353,9,489,4,76,Sofa,Wood,Green,Rural,Summer,Retail,4401,
903,362,17,541,4,25,Sofa,Wood,White,Suburban,Fall,Online,9197,
909,363,31,546,4,50,Sofa,Wood,Green,Rural,Fall,Online,16926,
931,432,32,499,4,66,Sofa,Wood,Red,Rural,Winter,Retail,15968,
934,229,13,705,4,29,Sofa,Wood,Green,Suburban,Fall,Retail,9165,
959,269,13,690,4,64,Sofa,Wood,White,Rural,Winter,Online,8970,
1027,248,23,779,3,24,Sofa,Leather,Black,Urban,Spring,Retail,17917,
1065,349,4,716,2,30,Sofa,Leather,Green,Suburban,Fall,Retail,2864,
1124,399,35,725,1,67,Sofa,Leather,White,Suburban,Spring,Retail,25375,
2186,707,15,1479,3,62,Sofa,Leather,Green,Rural,Summer,Online,22185,
1443,1267,2,176,2,41,Sofa,Fabric,Green,Suburban,Winter,Retail,352,
1467,1277,23,190,1,73,Sofa,Leather,Green,Suburban,Fall,Retail,4370,
1490,530,24,960,3,36,Sofa,Fabric,White,Rural,Winter,Retail,23040,
1578,942,9,636,2,83,Sofa,Wood,Red,Suburban,Fall,Online,5724,
1877,152,33,1725,1,68,Sofa,Leather,Green,Urban,Spring,Retail,56925,
2530,2266,17,264,3,30,Sofa,Leather,Red,Rural,Fall,Retail,4488,
373,264,7,109,0,83,Sofa,Fabric,Black,Rural,Summer,Online,763,
377,212,35,165,1,63,Sofa,Wood,Blue,Suburban,Spring,Online,5775,
380,152,17,228,3,41,Sofa,Fabric,Brown,Rural,Winter,Retail,3876,
489,265,28,224,1,60,Sofa,Fabric,Black,Suburban,Winter,Online,6272,
421,176,32,245,3,82,Sofa,Fabric,Red,Suburban,Summer,Retail,7840,
466,175,29,291,3,66,Sofa,Wood,Red,Rural,Winter,Online,8439,
504,188,32,316,2,67,Sofa,Fabric,Red,Suburban,Winter,Retail,10112,
510,250,6,260,1,62,Sofa,Fabric,Brown,Suburban,Spring,Retail,1560,
542,189,24,353,2,85,Sofa,Fabric,Green,Suburban,Fall,Online,8472,
646,439,33,207,3,26,Sofa,Fabric,Red,Suburban,Winter,Retail,6831,
557,292,16,265,2,86,Sofa,Fabric,Red,Urban,Spring,Retail,4240,
561,181,18,380,1,87,Sofa,Fabric,Red,Rural,Summer,Online,6840,
570,187,22,383,1,40,Sofa,Fabric,Green,Urban,Fall,Online,8426,
592,250,19,342,0,85,Sofa,Fabric,Blue,Urban,Fall,Online,6498,
593,278,9,315,3,52,Sofa,Fabric,Red,Suburban,Spring,Retail,2835,
602,253,13,349,2,42,Sofa,Wood,Brown,Urban,Summer,Online,4537,
602,233,16,369,0,85,Sofa,Fabric,White,Suburban,Fall,Retail,5904,
619,313,16,306,2,31,Sofa,Fabric,Red,Suburban,Spring,Online,4896,
661,306,4,355,0,81,Sofa,Fabric,White,Suburban,Winter,Online,1420,
668,296,19,372,3,33,Sofa,Fabric,White,Urban,Winter,Retail,7068,
675,389,27,286,2,32,Sofa,Wood,Blue,Rural,Summer,Retail,7722,
696,318,11,378,1,74,Sofa,Wood,Blue,Urban,Fall,Retail,4158,
698,437,44,261,3,73,Sofa,Fabric,Brown,Suburban,Fall,Online,11484,
711,441,19,270,0,60,Sofa,Fabric,Green,Urban,Summer,Retail,5130,
716,246,6,470,1,82,Sofa,Fabric,Black,Rural,Fall,Retail,2820,
773,256,11,517,1,78,Sofa,Fabric,Green,Rural,Winter,Online,5687,
853,200,6,653,0,58,Sofa,Fabric,Green,Rural,Spring,Retail,3918,
872,231,17,641,1,44,Sofa,Fabric,Green,Rural,Winter,Online,10897,
873,328,20,545,2,67,Sofa,Wood,Green,Urban,Winter,Online,10900,
948,373,20,575,1,79,Sofa,Wood,White,Suburban,Spring,Online,11500,
966,395,13,571,2,31,Sofa,Wood,Black,Urban,Fall,Retail,7423,
974,393,7,581,3,90,Sofa,Leather,Green,Suburban,Spring,Online,4067,
994,363,29,631,3,43,Sofa,Wood,White,Suburban,Summer,Online,18299,
1065,287,11,778,2,48,Sofa,Fabric,White,Suburban,Spring,Online,8558,
1162,418,13,744,3,38,Sofa,Wood,Red,Urban,Fall,Retail,9672,
1173,418,22,755,3,44,Sofa,Leather,Green,Urban,Fall,Retail,16610,
1216,296,33,920,3,69,Sofa,Leather,Red,Suburban,Spring,Online,30360,
1251,350,7,901,1,82,Sofa,Wood,Red,Urban,Spring,Retail,6307,
3480,2198,23,1282,3,88,Sofa,Fabric,Black,Suburban,Fall,Retail,29486,
1532,539,12,993,1,54,Sofa,Fabric,Blue,Rural,Winter,Online,11916,
1570,1290,3,280,1,72,Sofa,Wood,Black,Urban,Spring,Online,840,
1581,1263,18,318,0,29,Sofa,Fabric,White,Urban,Summer,Online,5724,
1619,905,27,714,3,86,Sofa,Leather,Green,Urban,Winter,Retail,19278,
1895,1186,27,709,0,56,Sofa,Leather,Brown,Urban,Spring,Retail,19143,
1974,1190,23,784,3,54,Sofa,Wood,Brown,Rural,Summer,Online,18032,
1984,761,29,1223,3,90,Sofa,Fabric,Brown,Rural,Fall,Online,35467,
2574,2221,33,353,1,48,Sofa,Fabric,Black,Rural,Fall,Online,11649,
2797,1605,4,1192,0,81,Sofa,Wood,Brown,Suburban,Summer,Retail,4768,
5815,3451,1,2364,1,71,Sofa,Fabric,White,Suburban,Summer,Retail,2364,
659,350,26,309,3,60,Sofa,Wood,Black,Suburban,Summer,Retail,8034,
379,292,9,87,1,66,Sofa,Fabric,Green,Rural,Winter,Retail,783,
494,284,18,210,3,77,Sofa,Fabric,Brown,Suburban,Winter,Online,3780,
434,243,7,191,3,27,Sofa,Fabric,Black,Urban,Spring,Retail,1337,
665,356,20,309,2,45,Sofa,Fabric,Red,Urban,Winter,Retail,6180,
484,166,5,318,3,90,Sofa,Fabric,Black,Rural,Fall,Online,1590,
490,196,34,294,0,87,Sofa,Fabric,White,Rural,Fall,Online,9996,
491,200,18,291,0,58,Sofa,Fabric,Blue,Suburban,Spring,Retail,5238,
496,300,26,196,2,43,Sofa,Fabric,White,Urban,Winter,Online,5096,
610,320,33,290,2,90,Sofa,Wood,Blue,Rural,Spring,Online,9570,
526,282,29,244,1,72,Sofa,Fabric,Green,Suburban,Spring,Online,7076,
529,274,33,255,1,75,Sofa,Fabric,Black,Suburban,Summer,Online,8415,
2532,2210,32,322,2,45,Sofa,Fabric,Black,Suburban,Fall,Retail,10304,
587,241,2,346,2,79,Sofa,Fabric,White,Suburban,Spring,Retail,692,
606,204,16,402,1,73,Sofa,Fabric,Brown,Rural,Winter,Online,6432,
608,442,10,166,0,47,Sofa,Fabric,Red,Suburban,Fall,Retail,1660,
608,209,16,399,2,57,Sofa,Fabric,Blue,Urban,Spring,Retail,6384,
612,193,17,419,1,71,Sofa,Fabric,Red,Urban,Fall,Online,7123,
623,742,21,-119,2,71,Sofa,Fabric,Red,Urban,Winter,Online,-2499,
724,305,28,419,2,54,Sofa,Fabric,Blue,Rural,Fall,Retail,11732,
726,459,17,267,1,48,Sofa,Fabric,White,Suburban,Winter,Online,4539,
631,327,28,304,0,88,Sofa,Fabric,Green,Suburban,Summer,Online,8512,
848,254,31,594,3,79,Sofa,Fabric,Red,Suburban,Summer,Online,18414,
653,300,8,353,3,72,Sofa,Fabric,Black,Suburban,Spring,Retail,2824,
667,267,24,400,0,43,Sofa,Wood,Green,Rural,Fall,Retail,9600,
682,297,9,385,0,40,Sofa,Fabric,Black,Urban,Spring,Retail,3465,
686,442,28,244,2,27,Sofa,Fabric,Green,Urban,Winter,Retail,6832,
837,438,14,399,3,89,Sofa,Fabric,Black,Rural,Fall,Online,5586,
749,154,11,595,2,68,Sofa,Fabric,Brown,Suburban,Winter,Online,6545,
752,311,38,441,0,88,Sofa,Wood,Blue,Urban,Spring,Retail,16758,
761,436,1,325,0,47,Sofa,Fabric,White,Suburban,Winter,Online,325,
783,674,6,109,2,36,Sofa,Fabric,Black,Rural,Spring,Retail,654,
784,348,15,436,3,35,Sofa,Fabric,Brown,Urban,Winter,Retail,6540,
808,443,30,365,1,26,Sofa,Fabric,White,Suburban,Fall,Online,10950,
811,593,27,218,0,57,Sofa,Fabric,Brown,Urban,Fall,Retail,5886,
853,446,6,407,2,46,Sofa,Wood,Blue,Rural,Winter,Retail,2442,
987,250,23,737,2,57,Sofa,Fabric,Red,Suburban,Winter,Retail,16951,
1019,403,16,616,1,65,Sofa,Wood,Red,Urban,Summer,Online,9856,
2054,1417,12,637,2,63,Sofa,Leather,Green,Suburban,Summer,Online,7644,
1056,407,2,649,3,27,Sofa,Wood,Red,Suburban,Spring,Retail,1298,
1225,424,29,801,3,72,Sofa,Wood,White,Urban,Spring,Online,23229,
1353,259,8,1094,0,71,Sofa,Leather,Black,Urban,Winter,Online,8752,
1520,1211,15,309,1,51,Sofa,Fabric,Brown,Rural,Spring,Retail,4635,
1582,1210,19,372,0,89,Sofa,Fabric,Green,Suburban,Winter,Retail,7068,
2160,1301,5,859,2,43,Sofa,Leather,Green,Rural,Summer,Online,4295,
3774,2107,13,1667,0,57,Sofa,Wood,Black,Urban,Spring,Retail,21671,
5585,2236,7,3349,1,27,Sofa,Fabric,Brown,Suburban,Fall,Retail,23443,
6989,4395,1,2594,1,26,Sofa,Leather,White,Rural,Spring,Online,2594,
424,288,20,136,1,62,Sofa,Fabric,Black,Rural,Spring,Retail,2720,
473,369,11,104,3,38,Sofa,Fabric,Red,Urban,Winter,Retail,1144,
485,257,18,228,3,32,Sofa,Fabric,Brown,Rural,Winter,Online,4104,
487,196,5,291,2,28,Sofa,Fabric,White,Suburban,Fall,Online,1455,
509,499,20,10,2,78,Sofa,Wood,Green,Suburban,Summer,Retail,200,
647,491,21,156,0,53,Sofa,Fabric,Green,Rural,Winter,Retail,3276,
552,444,14,108,0,64,Sofa,Wood,Brown,Urban,Spring,Online,1512,
558,380,26,178,1,24,Sofa,Wood,Red,Rural,Fall,Retail,4628,
582,357,22,225,1,34,Sofa,Fabric,Green,Urban,Winter,Retail,4950,
594,303,14,291,3,77,Sofa,Fabric,Blue,Suburban,Spring,Retail,4074,
617,244,15,373,0,50,Sofa,Fabric,White,Rural,Summer,Retail,5595,
650,251,31,399,1,48,Sofa,Wood,Blue,Rural,Fall,Retail,12369,
657,472,12,185,2,79,Sofa,Fabric,Green,Rural,Spring,Retail,2220,
680,210,5,470,2,34,Sofa,Fabric,Black,Urban,Fall,Online,2350,
682,188,22,494,2,30,Sofa,Wood,Black,Rural,Fall,Online,10868,
732,304,17,428,1,53,Sofa,Fabric,White,Rural,Summer,Online,7276,
744,489,8,255,2,61,Sofa,Fabric,White,Suburban,Winter,Online,2040,
756,349,6,407,1,68,Sofa,Wood,Brown,Urban,Summer,Retail,2442,
762,192,2,570,3,57,Sofa,Fabric,White,Suburban,Winter,Retail,1140,
765,456,18,309,3,74,Sofa,Fabric,Green,Suburban,Fall,Online,5562,
787,323,35,464,3,49,Sofa,Wood,White,Rural,Fall,Retail,16240,
799,295,31,504,0,70,Sofa,Wood,Red,Rural,Summer,Retail,15624,
805,325,19,480,2,44,Sofa,Wood,Green,Rural,Summer,Online,9120,
807,439,23,368,3,39,Sofa,Wood,Red,Rural,Fall,Retail,8464,
811,499,24,312,0,71,Sofa,Wood,White,Rural,Winter,Online,7488,
843,381,5,462,0,59,Sofa,Wood,Green,Urban,Winter,Online,2310,
845,500,3,345,3,64,Sofa,Fabric,White,Rural,Fall,Retail,1035,
854,203,10,651,3,90,Sofa,Wood,White,Rural,Fall,Online,6510,
1873,1332,23,541,2,74,Sofa,Fabric,Brown,Urban,Summer,Retail,12443,
888,495,9,393,3,79,Sofa,Fabric,Brown,Urban,Spring,Online,3537,
922,201,23,721,2,51,Sofa,Wood,Black,Suburban,Fall,Retail,16583,
965,582,4,383,0,89,Sofa,Wood,Brown,Suburban,Spring,Retail,1532,
987,204,13,783,0,41,Sofa,Leather,White,Rural,Fall,Retail,10179,
995,362,33,633,2,64,Sofa,Wood,Brown,Suburban,Winter,Online,20889,
1028,383,17,645,0,69,Sofa,Fabric,Black,Urban,Spring,Retail,10965,
2079,1472,27,607,1,24,Sofa,Leather,Brown,Urban,Fall,Retail,16389,
2086,1411,34,675,0,88,Sofa,Leather,Black,Rural,Summer,Retail,22950,
1509,1175,5,334,0,76,Sofa,Fabric,Black,Suburban,Fall,Retail,1670,
1517,1205,26,312,1,88,Sofa,Fabric,Red,Urban,Winter,Retail,8112,
1521,1203,29,318,3,25,Sofa,Fabric,White,Rural,Fall,Online,9222,
1640,1193,31,447,0,53,Sofa,Leather,White,Rural,Winter,Online,13857,
1773,1212,22,561,1,64,Sofa,Wood,Blue,Suburban,Winter,Online,12342,
2293,1293,22,1000,2,24,Sofa,Leather,Black,Urban,Spring,Online,22000,
2347,1183,12,1164,2,75,Sofa,Fabric,Blue,Suburban,Winter,Retail,13968,
2383,1280,1,1103,3,78,Sofa,Fabric,Blue,Suburban,Summer,Online,1103,
356,166,5,190,6,58,Sofa,Wood,Red,Suburban,Winter,Online,950,
366,180,4,186,6,42,Sofa,Fabric,Blue,Suburban,Winter,Retail,744,
411,223,34,188,6,87,Sofa,Fabric,Black,Rural,Spring,Retail,6392,
426,297,29,129,6,84,Sofa,Fabric,Black,Suburban,Spring,Retail,3741,
463,204,30,259,6,32,Sofa,Fabric,Blue,Urban,Fall,Online,7770,
479,721,15,-242,6,59,Sofa,Fabric,Brown,Suburban,Summer,Online,-3630,
596,436,2,160,6,35,Sofa,Fabric,Blue,Urban,Summer,Retail,320,
507,199,26,308,6,59,Sofa,Fabric,Red,Urban,Spring,Online,8008,
524,258,18,266,6,69,Sofa,Fabric,Black,Rural,Spring,Online,4788,
531,258,4,273,6,48,Sofa,Wood,Brown,Rural,Spring,Online,1092,
557,257,7,300,6,82,Sofa,Fabric,Red,Urban,Summer,Online,2100,
569,238,7,331,6,47,Sofa,Fabric,Red,Suburban,Spring,Retail,2317,
603,287,22,316,6,55,Sofa,Fabric,White,Urban,Summer,Online,6952,
605,173,31,432,6,46,Sofa,Fabric,Blue,Urban,Spring,Online,13392,
638,472,27,166,6,48,Sofa,Fabric,Green,Urban,Spring,Retail,4482,
641,293,7,348,6,74,Sofa,Fabric,White,Urban,Fall,Retail,2436,
744,492,14,252,6,87,Sofa,Fabric,Red,Rural,Fall,Retail,3528,
845,464,38,381,6,28,Sofa,Wood,White,Suburban,Winter,Retail,14478,
846,267,1,579,6,69,Sofa,Fabric,Blue,Urban,Spring,Retail,579,
664,285,16,379,6,30,Sofa,Fabric,Brown,Rural,Winter,Online,6064,
673,257,27,416,6,62,Sofa,Fabric,Green,Urban,Winter,Retail,11232,
676,293,5,383,6,38,Sofa,Fabric,Brown,Rural,Winter,Retail,1915,
726,286,6,440,6,57,Sofa,Fabric,Brown,Suburban,Spring,Retail,2640,
840,338,13,502,6,83,Sofa,Fabric,Brown,Urban,Summer,Retail,6526,
802,426,22,376,6,76,Sofa,Wood,White,Urban,Winter,Retail,8272,
851,238,22,613,6,83,Sofa,Fabric,White,Suburban,Spring,Online,13486,
919,229,4,690,6,71,Sofa,Wood,Black,Suburban,Fall,Online,2760,
939,382,22,557,6,43,Sofa,Wood,Red,Urban,Winter,Retail,12254,
984,456,5,528,6,78,Sofa,Fabric,Green,Urban,Winter,Retail,2640,
988,382,12,606,6,52,Sofa,Leather,Blue,Urban,Winter,Online,7272,
1051,314,3,737,6,79,Sofa,Leather,Green,Urban,Fall,Retail,2211,
1105,297,31,808,6,85,Sofa,Fabric,Brown,Rural,Winter,Retail,25048,
1128,208,26,920,6,73,Sofa,Wood,Blue,Rural,Summer,Retail,23920,
1447,598,25,849,6,69,Sofa,Fabric,Blue,Rural,Spring,Retail,21225,
1475,350,10,1125,6,43,Sofa,Leather,Green,Urban,Spring,Online,11250,
1794,1243,41,551,6,89,Sofa,Wood,Blue,Suburban,Winter,Online,22591,
1797,1307,29,490,6,65,Sofa,Fabric,White,Urban,Spring,Retail,14210,
2353,1232,23,1121,6,68,Sofa,Fabric,Black,Rural,Summer,Online,25783,
3343,2168,18,1175,6,48,Sofa,Wood,Green,Suburban,Spring,Online,21150,
5400,3161,7,2239,6,77,Sofa,Fabric,White,Urban,Winter,Online,15673,
485,292,28,193,5,76,Sofa,Fabric,White,Rural,Fall,Retail,5404,
403,212,30,191,5,26,Sofa,Fabric,Brown,Suburban,Spring,Online,5730,
453,178,34,275,5,62,Sofa,Fabric,Blue,Rural,Winter,Online,9350,
477,203,9,274,5,32,Sofa,Fabric,Blue,Suburban,Spring,Retail,2466,
499,336,2,163,5,74,Sofa,Fabric,Brown,Urban,Spring,Retail,326,
534,259,26,275,5,41,Sofa,Fabric,Brown,Suburban,Summer,Online,7150,
545,284,5,261,5,68,Sofa,Fabric,Black,Suburban,Summer,Online,1305,
586,151,6,435,5,45,Sofa,Fabric,White,Suburban,Summer,Retail,2610,
600,420,28,180,5,28,Sofa,Wood,Blue,Suburban,Winter,Online,5040,
602,297,24,305,5,68,Sofa,Fabric,Black,Suburban,Summer,Online,7320,
1651,1309,22,342,5,82,Sofa,Wood,Brown,Rural,Fall,Retail,7524,
659,226,11,433,5,62,Sofa,Wood,Blue,Rural,Summer,Online,4763,
676,152,18,524,5,79,Sofa,Fabric,Brown,Urban,Winter,Retail,9432,
683,243,19,440,5,35,Sofa,Fabric,Brown,Suburban,Winter,Retail,8360,
709,286,2,423,5,74,Sofa,Fabric,Blue,Suburban,Summer,Retail,846,
722,266,17,456,5,54,Sofa,Fabric,Black,Suburban,Winter,Online,7752,
727,486,34,241,5,59,Sofa,Fabric,Blue,Suburban,Winter,Retail,8194,
765,325,23,440,5,84,Sofa,Wood,Black,Suburban,Winter,Online,10120,
769,552,17,217,5,63,Sofa,Wood,White,Urban,Spring,Online,3689,
832,499,17,333,5,83,Sofa,Fabric,Black,Rural,Summer,Online,5661,
844,343,22,501,5,74,Sofa,Wood,Black,Urban,Spring,Retail,11022,
886,479,13,407,5,66,Sofa,Wood,Brown,Rural,Winter,Retail,5291,
888,436,34,452,5,89,Sofa,Wood,Blue,Rural,Winter,Online,15368,
894,285,23,609,5,39,Sofa,Fabric,White,Urban,Fall,Retail,14007,
918,268,7,650,5,40,Sofa,Wood,Blue,Rural,Spring,Online,4550,
926,480,16,446,5,68,Sofa,Fabric,Red,Urban,Spring,Online,7136,
934,351,12,583,5,28,Sofa,Wood,Green,Rural,Winter,Retail,6996,
936,279,18,657,5,87,Sofa,Wood,White,Rural,Summer,Online,11826,
983,821,4,162,5,35,Sofa,Wood,Green,Rural,Summer,Retail,648,
1005,355,34,650,5,31,Sofa,Wood,Blue,Rural,Winter,Retail,22100,
1081,455,15,626,5,44,Sofa,Leather,Blue,Urban,Winter,Online,9390,
1096,402,35,694,5,40,Sofa,Fabric,Brown,Suburban,Fall,Online,24290,
2107,1023,32,1084,5,69,Sofa,Leather,White,Rural,Spring,Online,34688,
1143,420,19,723,5,88,Sofa,Leather,Green,Urban,Spring,Online,13737,
1216,420,18,796,5,81,Sofa,Wood,Green,Suburban,Spring,Online,14328,
1243,189,1,1054,5,89,Sofa,Fabric,Black,Suburban,Spring,Retail,1054,
1361,428,7,933,5,26,Sofa,Fabric,Red,Suburban,Summer,Retail,6531,
1395,765,7,630,5,67,Sofa,Fabric,Green,Rural,Winter,Retail,4410,
1440,836,11,604,5,24,Sofa,Fabric,Black,Suburban,Spring,Retail,6644,
1574,1234,13,340,5,60,Sofa,Wood,Blue,Urban,Summer,Retail,4420,
1789,1258,14,531,5,56,Sofa,Fabric,Blue,Suburban,Spring,Retail,7434,
3180,1435,25,1745,5,53,Sofa,Leather,Black,Urban,Summer,Online,43625,
2350,1227,23,1123,5,28,Sofa,Fabric,Black,Urban,Spring,Online,25829,
2503,2166,9,337,5,28,Sofa,Leather,Brown,Rural,Summer,Retail,3033,
4862,2082,4,2780,5,35,Sofa,Wood,Black,Urban,Spring,Online,11120,
695,288,22,407,4,80,Sofa,Fabric,Black,Urban,Summer,Online,8954,
675,433,4,242,4,63,Sofa,Wood,Black,Rural,Winter,Online,968,
496,241,4,255,4,42,Sofa,Wood,Brown,Urban,Summer,Online,1020,
515,287,21,228,4,56,Sofa,Fabric,Blue,Suburban,Winter,Online,4788,
546,279,25,267,4,73,Sofa,Wood,White,Urban,Winter,Online,6675,
586,283,18,303,4,37,Sofa,Fabric,Brown,Urban,Spring,Retail,5454,
702,268,27,434,4,77,Sofa,Wood,Black,Suburban,Summer,Online,11718,
616,187,14,429,4,33,Sofa,Fabric,Red,Urban,Summer,Retail,6006,
643,216,11,427,4,25,Sofa,Fabric,Blue,Suburban,Spring,Online,4697,
659,286,38,373,4,65,Sofa,Fabric,Black,Suburban,Fall,Online,14174,
669,275,30,394,4,36,Sofa,Wood,Black,Rural,Spring,Online,11820,
717,489,24,228,4,70,Sofa,Fabric,Blue,Suburban,Summer,Retail,5472,
832,480,26,352,4,78,Sofa,Fabric,Blue,Rural,Fall,Online,9152,
735,281,23,454,4,66,Sofa,Fabric,Red,Urban,Fall,Retail,10442,
749,337,28,412,4,35,Sofa,Fabric,White,Rural,Fall,Online,11536,
755,346,13,409,4,51,Sofa,Wood,Blue,Urban,Summer,Online,5317,
786,327,7,459,4,33,Sofa,Wood,White,Urban,Summer,Online,3213,
826,380,7,446,4,81,Sofa,Fabric,Green,Rural,Fall,Online,3122,
858,348,29,510,4,89,Sofa,Fabric,Green,Suburban,Winter,Online,14790,
919,463,35,456,4,40,Sofa,Fabric,Red,Rural,Fall,Online,15960,
926,368,22,558,4,26,Sofa,Wood,Green,Urban,Spring,Online,12276,
2935,1181,23,1754,4,73,Sofa,Wood,Black,Suburban,Winter,Retail,40342,
948,915,35,33,4,71,Sofa,Wood,Blue,Urban,Fall,Online,1155,
967,496,34,471,4,32,Sofa,Fabric,Black,Suburban,Winter,Online,16014,
972,356,24,616,4,70,Sofa,Wood,Brown,Suburban,Summer,Online,14784,
973,422,18,551,4,78,Sofa,Wood,Brown,Rural,Winter,Online,9918,
1981,1366,15,615,4,30,Sofa,Leather,Green,Suburban,Summer,Retail,9225,
1028,380,23,648,4,84,Sofa,Wood,White,Rural,Summer,Online,14904,
1053,274,12,779,4,31,Sofa,Leather,Blue,Rural,Fall,Retail,9348,
1082,242,25,840,4,39,Sofa,Fabric,Blue,Urban,Fall,Online,21000,
1566,1412,20,154,4,68,Sofa,Fabric,Green,Rural,Summer,Online,3080,
1641,1022,24,619,4,61,Sofa,Wood,White,Suburban,Winter,Retail,14856,
1691,1283,25,408,4,63,Sofa,Fabric,White,Rural,Fall,Retail,10200,
2035,838,14,1197,4,43,Sofa,Fabric,White,Rural,Spring,Online,16758,
2844,1431,12,1413,4,56,Sofa,Wood,Red,Suburban,Fall,Online,16956,
3444,2223,15,1221,4,78,Sofa,Fabric,Black,Urban,Summer,Retail,18315,
3575,2283,25,1292,4,79,Sofa,Wood,Red,Suburban,Spring,Online,32300,
382,206,8,176,3,58,Sofa,Fabric,White,Rural,Summer,Online,1408,
487,184,12,303,3,38,Sofa,Wood,Brown,Rural,Spring,Online,3636,
489,206,28,283,3,35,Sofa,Fabric,Blue,Urban,Winter,Online,7924,
503,214,41,289,3,44,Sofa,Fabric,White,Suburban,Summer,Retail,11849,
514,184,33,330,3,38,Sofa,Wood,Blue,Rural,Spring,Online,10890,
531,447,13,84,3,35,Sofa,Fabric,Red,Rural,Winter,Online,1092,
532,218,12,314,3,45,Sofa,Fabric,Brown,Rural,Summer,Retail,3768,
532,431,29,101,3,43,Sofa,Wood,Black,Rural,Summer,Retail,2929,
550,254,25,296,3,53,Sofa,Fabric,Red,Suburban,Summer,Retail,7400,
607,228,35,379,3,45,Sofa,Fabric,Blue,Urban,Winter,Retail,13265,
622,302,1,320,3,69,Sofa,Fabric,Black,Rural,Winter,Retail,320,
725,310,9,415,3,29,Sofa,Fabric,Brown,Suburban,Spring,Online,3735,
627,163,37,464,3,84,Sofa,Fabric,Red,Rural,Fall,Retail,17168,
639,384,5,255,3,78,Sofa,Fabric,White,Urban,Fall,Retail,1275,
639,306,27,333,3,65,Sofa,Wood,Green,Urban,Summer,Online,8991,
846,349,9,497,3,54,Sofa,Fabric,Green,Suburban,Winter,Online,4473,
657,320,38,337,3,66,Sofa,Fabric,Black,Suburban,Fall,Online,12806,
687,313,8,374,3,80,Sofa,Fabric,Red,Rural,Spring,Online,2992,
695,241,26,454,3,32,Sofa,Fabric,Black,Urban,Spring,Retail,11804,
697,289,16,408,3,40,Sofa,Wood,Red,Suburban,Spring,Retail,6528,
699,356,23,343,3,34,Sofa,Fabric,Blue,Urban,Summer,Retail,7889,
708,300,20,408,3,29,Sofa,Fabric,Brown,Rural,Spring,Online,8160,
740,346,25,394,3,70,Sofa,Fabric,Black,Suburban,Fall,Online,9850,
750,299,12,451,3,40,Sofa,Wood,Brown,Urban,Spring,Retail,5412,
764,460,3,304,3,36,Sofa,Fabric,Brown,Urban,Summer,Retail,912,
774,239,26,535,3,58,Sofa,Wood,Green,Urban,Spring,Retail,13910,
778,373,5,405,3,57,Sofa,Wood,Brown,Rural,Spring,Online,2025,
809,250,16,559,3,62,Sofa,Fabric,Black,Suburban,Winter,Retail,8944,
824,351,2,473,3,60,Sofa,Wood,Black,Rural,Summer,Retail,946,
861,489,3,372,3,84,Sofa,Fabric,Brown,Urban,Winter,Retail,1116,
869,336,13,533,3,62,Sofa,Wood,Black,Rural,Summer,Retail,6929,
937,418,15,519,3,25,Sofa,Wood,Green,Suburban,Spring,Retail,7785,
962,405,4,557,3,83,Sofa,Wood,Green,Suburban,Winter,Retail,2228,
967,394,3,573,3,51,Sofa,Wood,Green,Urban,Winter,Retail,1719,
977,206,14,771,3,41,Sofa,Wood,Green,Urban,Spring,Retail,10794,
1055,274,28,781,3,32,Sofa,Wood,Red,Suburban,Winter,Online,21868,
1070,230,13,840,3,49,Sofa,Fabric,Blue,Rural,Spring,Online,10920,
1084,845,5,239,3,87,Sofa,Leather,Brown,Urban,Spring,Online,1195,
1166,420,13,746,3,46,Sofa,Leather,White,Rural,Spring,Online,9698,
1345,269,8,1076,3,52,Sofa,Wood,Black,Suburban,Fall,Retail,8608,
1516,1226,16,290,3,82,Sofa,Fabric,Blue,Rural,Summer,Online,4640,
1586,1174,28,412,3,72,Sofa,Fabric,Green,Suburban,Summer,Online,11536,
1827,1347,28,480,3,62,Sofa,Fabric,White,Rural,Spring,Retail,13440,
2518,1256,16,1262,3,75,Sofa,Fabric,Green,Urban,Winter,Online,20192,
2572,2296,10,276,3,83,Sofa,Fabric,Blue,Suburban,Fall,Retail,2760,
2579,1453,5,1126,3,42,Sofa,Fabric,White,Urban,Summer,Retail,5630,
3340,2243,16,1097,3,31,Sofa,Fabric,White,Urban,Summer,Online,17552,
419,372,30,47,2,77,Sofa,Fabric,Green,Urban,Spring,Online,1410,
453,157,19,296,2,30,Sofa,Wood,White,Urban,Fall,Retail,5624,
485,180,27,305,2,72,Sofa,Wood,Brown,Suburban,Summer,Online,8235,
488,166,15,322,2,53,Sofa,Fabric,Blue,Rural,Winter,Retail,4830,
499,259,31,240,2,47,Sofa,Fabric,White,Urban,Summer,Online,7440,
600,229,28,371,2,42,Sofa,Wood,Black,Urban,Summer,Online,10388,
612,231,24,381,2,53,Sofa,Fabric,Blue,Urban,Summer,Online,9144,
515,242,10,273,2,66,Sofa,Fabric,Red,Suburban,Summer,Retail,2730,
648,297,11,351,2,61,Sofa,Fabric,Black,Suburban,Fall,Online,3861,
609,378,23,231,2,50,Sofa,Wood,Green,Rural,Winter,Retail,5313,
614,204,22,410,2,63,Sofa,Fabric,Blue,Rural,Fall,Online,9020,
724,532,12,192,2,53,Sofa,Fabric,Black,Suburban,Spring,Retail,2304,
639,334,23,305,2,34,Sofa,Fabric,Black,Suburban,Winter,Online,7015,
660,281,20,379,2,55,Sofa,Fabric,Brown,Rural,Summer,Retail,7580,
666,235,26,431,2,44,Sofa,Wood,Black,Rural,Spring,Retail,11206,
2666,1912,31,754,2,44,Sofa,Wood,Brown,Urban,Fall,Retail,23374,
723,246,13,477,2,61,Sofa,Fabric,Green,Suburban,Winter,Retail,6201,
781,339,25,442,2,61,Sofa,Wood,Red,Rural,Spring,Retail,11050,
787,343,12,444,2,53,Sofa,Wood,White,Rural,Spring,Retail,5328,
788,262,10,526,2,27,Sofa,Wood,Brown,Urban,Fall,Online,5260,
804,232,24,572,2,88,Sofa,Wood,Blue,Rural,Spring,Online,13728,
806,213,32,593,2,46,Sofa,Wood,White,Suburban,Spring,Retail,18976,
820,485,17,335,2,56,Sofa,Fabric,White,Suburban,Summer,Online,5695,
823,424,32,399,2,47,Sofa,Fabric,White,Rural,Summer,Online,12768,
833,278,29,555,2,60,Sofa,Wood,White,Rural,Fall,Online,16095,
867,284,2,583,2,53,Sofa,Wood,Brown,Suburban,Summer,Retail,1166,
872,482,17,390,2,70,Sofa,Fabric,White,Suburban,Spring,Retail,6630,
2902,1198,21,1704,2,65,Sofa,Wood,Blue,Rural,Spring,Retail,35784,
2943,1392,3,1551,2,24,Sofa,Wood,Brown,Rural,Spring,Online,4653,
977,217,27,760,2,29,Sofa,Fabric,Red,Suburban,Winter,Online,20520,
2025,1468,33,557,2,59,Sofa,Leather,Brown,Rural,Summer,Retail,18381,
1034,380,30,654,2,56,Sofa,Wood,Brown,Suburban,Spring,Retail,19620,
1035,209,13,826,2,72,Sofa,Wood,Blue,Rural,Summer,Retail,10738,
1059,266,8,793,2,35,Sofa,Wood,Green,Urban,Spring,Retail,6344,
1125,983,4,142,2,43,Sofa,Fabric,White,Rural,Fall,Online,568,
1179,897,5,282,2,62,Sofa,Leather,Blue,Urban,Fall,Online,1410,
1398,572,28,826,2,80,Sofa,Fabric,Black,Suburban,Winter,Retail,23128,
2400,1388,15,1012,2,72,Sofa,Leather,Brown,Suburban,Fall,Online,15180,
1447,427,18,1020,2,39,Sofa,Fabric,Brown,Rural,Fall,Retail,18360,
1563,1284,31,279,2,53,Sofa,Fabric,Blue,Urban,Winter,Online,8649,
1807,998,27,809,2,67,Sofa,Leather,Red,Suburban,Fall,Online,21843,
2343,1196,15,1147,2,24,Sofa,Fabric,Black,Urban,Fall,Online,17205,
2437,1210,29,1227,2,75,Sofa,Fabric,Brown,Rural,Summer,Retail,35583,
2442,2202,9,240,2,73,Sofa,Fabric,Brown,Suburban,Winter,Online,2160,
2802,1382,19,1420,2,29,Sofa,Leather,Red,Urban,Fall,Online,26980,
358,299,33,59,1,48,Sofa,Fabric,Brown,Rural,Winter,Online,1947,
452,228,35,224,1,64,Sofa,Fabric,White,Urban,Spring,Retail,7840,
539,439,32,100,1,54,Sofa,Wood,Black,Rural,Fall,Online,3200,
540,367,8,173,1,50,Sofa,Fabric,White,Suburban,Winter,Retail,1384,
653,356,21,297,1,34,Sofa,Fabric,Red,Suburban,Winter,Retail,6237,
568,240,26,328,1,48,Sofa,Fabric,Black,Rural,Spring,Retail,8528,
597,200,33,397,1,36,Sofa,Fabric,Brown,Rural,Fall,Online,13101,
601,240,34,361,1,41,Sofa,Fabric,Black,Suburban,Winter,Online,12274,
607,253,31,354,1,87,Sofa,Wood,Brown,Suburban,Winter,Online,10974,
629,274,1,355,1,50,Sofa,Fabric,Red,Rural,Winter,Online,355,
631,432,33,199,1,78,Sofa,Fabric,Green,Urban,Winter,Online,6567,
634,289,24,345,1,65,Sofa,Fabric,Green,Rural,Summer,Online,8280,
671,272,16,399,1,65,Sofa,Wood,Green,Suburban,Winter,Online,6384,
684,324,35,360,1,89,Sofa,Wood,Black,Suburban,Fall,Online,12600,
686,188,38,498,1,74,Sofa,Fabric,Red,Rural,Spring,Online,18924,
689,442,33,247,1,32,Sofa,Wood,Green,Suburban,Spring,Retail,8151,
696,213,33,483,1,87,Sofa,Fabric,Green,Urban,Summer,Online,15939,
712,281,16,431,1,90,Sofa,Fabric,Black,Rural,Summer,Retail,6896,
715,246,8,469,1,45,Sofa,Fabric,Red,Rural,Fall,Retail,3752,
720,325,8,395,1,60,Sofa,Fabric,Blue,Suburban,Summer,Retail,3160,
730,445,24,285,1,49,Sofa,Fabric,Red,Urban,Winter,Online,6840,
775,344,8,431,1,82,Sofa,Wood,Black,Urban,Winter,Online,3448,
837,321,6,516,1,58,Sofa,Fabric,Green,Suburban,Spring,Retail,3096,
838,279,4,559,1,24,Sofa,Wood,Blue,Rural,Summer,Retail,2236,
841,363,18,478,1,52,Sofa,Wood,Brown,Rural,Winter,Online,8604,
859,152,16,707,1,63,Sofa,Wood,Black,Rural,Spring,Retail,11312,
865,474,18,391,1,49,Sofa,Fabric,Red,Suburban,Spring,Online,7038,
872,487,30,385,1,46,Sofa,Fabric,Blue,Urban,Summer,Retail,11550,
1897,1786,16,111,1,88,Sofa,Fabric,Brown,Rural,Fall,Retail,1776,
946,281,11,665,1,56,Sofa,Wood,Black,Rural,Fall,Online,7315,
980,380,4,600,1,80,Sofa,Wood,Blue,Rural,Winter,Online,2400,
987,394,25,593,1,46,Sofa,Leather,White,Rural,Fall,Online,14825,
995,865,0,130,1,34,Sofa,Fabric,Brown,Rural,Summer,Online,0,
1001,297,11,704,1,45,Sofa,Fabric,Red,Suburban,Summer,Retail,7744,
2062,1400,8,662,1,26,Sofa,Leather,Green,Suburban,Summer,Retail,5296,
1072,396,20,676,1,58,Sofa,Wood,Red,Suburban,Fall,Online,13520,
1091,397,6,694,1,71,Sofa,Wood,Red,Urban,Winter,Retail,4164,
1137,407,28,730,1,83,Sofa,Leather,Red,Rural,Summer,Online,20440,
1164,413,18,751,1,52,Sofa,Wood,Red,Suburban,Winter,Retail,13518,
1186,411,1,775,1,83,Sofa,Leather,Red,Suburban,Fall,Online,775,
1210,990,18,220,1,82,Sofa,Wood,Brown,Suburban,Winter,Retail,3960,
1216,409,19,807,1,53,Sofa,Fabric,Black,Urban,Spring,Retail,15333,
2314,1188,3,1126,1,50,Sofa,Fabric,Brown,Suburban,Spring,Retail,3378,
2442,1158,17,1284,1,51,Sofa,Wood,Green,Rural,Winter,Online,21828,
3438,2203,7,1235,1,90,Sofa,Wood,Green,Suburban,Spring,Retail,8645,
4583,2283,1,2300,1,66,Sofa,Fabric,Blue,Urban,Spring,Online,2300,
429,184,33,245,0,50,Sofa,Fabric,Blue,Suburban,Spring,Online,8085,
434,185,35,249,0,73,Sofa,Fabric,White,Suburban,Fall,Online,8715,
463,271,13,192,0,82,Sofa,Fabric,White,Suburban,Summer,Online,576,
613,236,25,377,0,36,Sofa,Fabric,Brown,Suburban,Winter,Online,9425,
529,470,9,59,0,76,Sofa,Fabric,Black,Urban,Winter,Online,531,
567,216,29,351,0,49,Sofa,Fabric,White,Urban,Fall,Retail,10179,
597,253,5,344,0,28,Sofa,Fabric,Brown,Rural,Winter,Online,1720,
802,461,30,341,0,44,Sofa,Fabric,Black,Rural,Spring,Online,10230,
603,267,24,336,0,84,Sofa,Fabric,White,Rural,Winter,Retail,8064,
609,399,9,210,0,64,Sofa,Wood,Red,Urban,Spring,Online,1890,
639,325,40,314,0,83,Sofa,Fabric,Red,Urban,Winter,Online,12560,
845,278,27,567,0,60,Sofa,Fabric,Blue,Rural,Spring,Retail,15309,
685,321,16,364,0,38,Sofa,Fabric,White,Urban,Summer,Online,5824,
696,328,6,368,0,68,Sofa,Wood,Blue,Urban,Winter,Online,2208,
705,222,13,483,0,81,Sofa,Fabric,Red,Rural,Spring,Online,6279,
727,210,17,517,0,34,Sofa,Fabric,Black,Suburban,Summer,Online,8789,
727,347,34,380,0,46,Sofa,Wood,Red,Suburban,Spring,Retail,12920,
781,320,19,461,0,80,Sofa,Fabric,Black,Suburban,Summer,Online,8759,
782,350,16,432,0,82,Sofa,Wood,Brown,Rural,Spring,Retail,6912,
788,449,6,339,0,75,Sofa,Fabric,Red,Rural,Spring,Retail,2034,
803,497,28,306,0,36,Sofa,Fabric,Green,Suburban,Winter,Retail,8568,
810,442,32,368,0,42,Sofa,Fabric,Blue,Suburban,Spring,Online,11776,
813,493,11,320,0,51,Sofa,Wood,White,Urban,Fall,Online,3520,
818,316,10,502,0,32,Sofa,Wood,Green,Rural,Summer,Retail,5020,
828,351,26,477,0,67,Sofa,Wood,Brown,Suburban,Winter,Online,12402,
846,441,32,405,0,32,Sofa,Wood,Blue,Urban,Summer,Retail,12960,
850,467,26,383,0,90,Sofa,Wood,Green,Suburban,Fall,Retail,9958,
855,221,24,634,0,43,Sofa,Fabric,White,Rural,Summer,Online,15216,
2880,1338,4,1542,0,36,Sofa,Wood,Red,Urban,Summer,Online,6168,
1894,886,2,1008,0,80,Sofa,Fabric,Green,Urban,Summer,Online,2016,
2904,1356,15,1548,0,71,Sofa,Wood,Green,Suburban,Spring,Online,23220,
972,375,27,597,0,43,Sofa,Fabric,Black,Rural,Spring,Online,16119,
1011,381,14,630,0,64,Sofa,Leather,Green,Rural,Winter,Online,8820,
3014,1670,25,1344,0,52,Sofa,Leather,Black,Suburban,Fall,Retail,33600,
1044,445,1,599,0,25,Sofa,Leather,Blue,Urban,Winter,Retail,599,
1170,418,1,752,0,58,Sofa,Leather,Brown,Rural,Winter,Retail,752,
1307,258,5,1049,0,66,Sofa,Fabric,Brown,Suburban,Fall,Retail,0,
1349,1187,4,162,0,47,Sofa,Fabric,Blue,Urban,Winter,Online,648,
1585,1275,4,310,0,87,Sofa,Fabric,Red,Rural,Summer,Online,1240,
1612,430,35,1182,0,38,Sofa,Fabric,Blue,Suburban,Fall,Retail,41370,
1725,950,2,775,0,40,Sofa,Wood,Green,Suburban,Summer,Online,1550,
1731,1315,16,416,0,75,Sofa,Leather,White,Rural,Spring,Online,6656,
1821,996,6,825,0,38,Sofa,Leather,Black,Rural,Spring,Retail,4950,
1824,350,29,1474,0,37,Sofa,Leather,White,Suburban,Spring,Online,42746,
2583,1274,31,1309,0,52,Sofa,Fabric,Blue,Urban,Summer,Retail,40579,
3221,1983,3,1238,0,58,Sofa,Wood,Brown,Urban,Summer,Online,3714,
4428,3229,2,1199,0,87,Sofa,Fabric,White,Urban,Fall,Retail,2398,
5440,3430,8,2010,0,24,Sofa,Fabric,Blue,Rural,Summer,Retail,16080,
5547,3682,2,1865,0,29,Sofa,Wood,Red,Suburban,Summer,Retail,3730,
